location_id,sensor_id,parameter,display_name,unit,value,datetime,station,latitude,longitude
13,13866,no2,NO₂ mass,µg/m³,40.3,2018-02-22T09:30:00+05:30,"Delhi Technological University, Delhi - CPCB",28.744,77.12
13,13864,pm25,PM2.5,µg/m³,451.0,2018-02-22T09:30:00+05:30,"Delhi Technological University, Delhi - CPCB",28.744,77.12
17,399,pm10,PM10,µg/m³,339.0,2018-02-22T02:45:00+05:30,"R K Puram, Delhi - DPCC",28.563262,77.186937
17,35,pm25,PM2.5,µg/m³,201.0,2018-02-22T02:45:00+05:30,"R K Puram, Delhi - DPCC",28.563262,77.186937
17,394,o3,O₃ mass,µg/m³,95.33,2018-01-24T15:00:00+05:30,"R K Puram, Delhi - DPCC",28.563262,77.186937
17,36,no2,NO₂ mass,µg/m³,77.6,2018-02-22T02:15:00+05:30,"R K Puram, Delhi - DPCC",28.563262,77.186937
17,392,co,CO mass,µg/m³,4300.0,2018-02-22T02:15:00+05:30,"R K Puram, Delhi - DPCC",28.563262,77.186937
17,393,so2,SO₂ mass,µg/m³,56.9,2018-02-22T02:45:00+05:30,"R K Puram, Delhi - DPCC",28.563262,77.186937
17,12234783,no,NO,ppb,1.3,2026-04-29T06:00:00+05:30,"R K Puram, Delhi - DPCC",28.563262,77.186937
17,12234785,o3,O₃ mass,µg/m³,29.8,2026-04-29T06:00:00+05:30,"R K Puram, Delhi - DPCC",28.563262,77.186937
17,12234787,pm25,PM2.5,µg/m³,88.0,2026-04-29T06:00:00+05:30,"R K Puram, Delhi - DPCC",28.563262,77.186937
17,12234784,no2,NO₂,ppb,13.2,2026-04-29T06:00:00+05:30,"R K Puram, Delhi - DPCC",28.563262,77.186937
17,12234786,pm10,PM10,µg/m³,1343.0,2026-04-29T06:00:00+05:30,"R K Puram, Delhi - DPCC",28.563262,77.186937
17,12234782,co,CO,ppb,1.2,2026-04-29T06:00:00+05:30,"R K Puram, Delhi - DPCC",28.563262,77.186937
17,12234790,temperature,Temperature (C),c,28.1,2026-04-29T06:00:00+05:30,"R K Puram, Delhi - DPCC",28.563262,77.186937
17,12234788,relativehumidity,RH,%,57.0,2026-04-29T06:00:00+05:30,"R K Puram, Delhi - DPCC",28.563262,77.186937
17,12234789,so2,SO₂,ppb,10.6,2026-04-29T06:00:00+05:30,"R K Puram, Delhi - DPCC",28.563262,77.186937
17,14340715,wind_speed,Wind speed,m/s,2.6,2026-04-29T06:00:00+05:30,"R K Puram, Delhi - DPCC",28.563262,77.186937
17,14340714,wind_direction,Wind direction,deg,219.0,2026-04-29T06:00:00+05:30,"R K Puram, Delhi - DPCC",28.563262,77.186937
17,14340713,nox,NOX,ppb,0.0081,2026-04-29T06:00:00+05:30,"R K Puram, Delhi - DPCC",28.563262,77.186937
50,395,pm10,PM10,µg/m³,322.0,2018-02-22T02:45:00+05:30,"Punjabi Bagh, Delhi - DPCC",28.674045,77.131023
50,71,o3,O₃ mass,µg/m³,39.07,2018-01-24T15:00:00+05:30,"Punjabi Bagh, Delhi - DPCC",28.674045,77.131023
50,397,so2,SO₂ mass,µg/m³,3.1,2018-02-22T02:45:00+05:30,"Punjabi Bagh, Delhi - DPCC",28.674045,77.131023
50,400,no2,NO₂ mass,µg/m³,92.9,2018-02-22T02:15:00+05:30,"Punjabi Bagh, Delhi - DPCC",28.674045,77.131023
50,398,co,CO mass,µg/m³,9.2,2018-02-22T02:45:00+05:30,"Punjabi Bagh, Delhi - DPCC",28.674045,77.131023
50,396,pm25,PM2.5,µg/m³,183.0,2018-02-22T02:45:00+05:30,"Punjabi Bagh, Delhi - DPCC",28.674045,77.131023
50,12234792,no,NO,ppb,2.2,2026-04-29T06:00:00+05:30,"Punjabi Bagh, Delhi - DPCC",28.674045,77.131023
50,12234798,so2,SO₂,ppb,27.9,2026-04-29T06:00:00+05:30,"Punjabi Bagh, Delhi - DPCC",28.674045,77.131023
50,12234796,pm25,PM2.5,µg/m³,42.0,2026-04-29T06:00:00+05:30,"Punjabi Bagh, Delhi - DPCC",28.674045,77.131023
50,12234794,o3,O₃ mass,µg/m³,14.4,2026-04-29T06:00:00+05:30,"Punjabi Bagh, Delhi - DPCC",28.674045,77.131023
50,12234797,relativehumidity,RH,%,61.0,2026-04-29T06:00:00+05:30,"Punjabi Bagh, Delhi - DPCC",28.674045,77.131023
50,12234793,no2,NO₂,ppb,9.0,2026-04-29T06:00:00+05:30,"Punjabi Bagh, Delhi - DPCC",28.674045,77.131023
50,12234791,co,CO,ppb,0.46,2026-04-29T06:00:00+05:30,"Punjabi Bagh, Delhi - DPCC",28.674045,77.131023
50,12234795,pm10,PM10,µg/m³,228.0,2026-04-29T06:00:00+05:30,"Punjabi Bagh, Delhi - DPCC",28.674045,77.131023
50,12234799,temperature,Temperature (C),c,27.4,2026-04-29T06:00:00+05:30,"Punjabi Bagh, Delhi - DPCC",28.674045,77.131023
50,14340717,wind_direction,Wind direction,deg,172.0,2026-04-29T06:00:00+05:30,"Punjabi Bagh, Delhi - DPCC",28.674045,77.131023
50,14340716,nox,NOX,ppb,0.0066,2026-04-29T06:00:00+05:30,"Punjabi Bagh, Delhi - DPCC",28.674045,77.131023
50,14340718,wind_speed,Wind speed,m/s,2.3,2026-04-29T06:00:00+05:30,"Punjabi Bagh, Delhi - DPCC",28.674045,77.131023
103,13861,pm25,PM2.5,µg/m³,224.0,2018-02-22T09:15:00+05:30,"Income Tax Office, Delhi - CPCB",28.623499999999996,77.2494
103,13863,no2,NO₂ mass,µg/m³,132.1,2018-02-22T09:15:00+05:30,"Income Tax Office, Delhi - CPCB",28.623499999999996,77.2494
103,13862,pm10,PM10,µg/m³,312.0,2018-02-22T09:15:00+05:30,"Income Tax Office, Delhi - CPCB",28.623499999999996,77.2494
235,380,o3,O₃ mass,µg/m³,17.87,2018-01-23T10:00:00+05:30,"Anand Vihar, New Delhi - DPCC",28.646835,77.316032
235,383,so2,SO₂ mass,µg/m³,8.9,2018-02-22T02:45:00+05:30,"Anand Vihar, New Delhi - DPCC",28.646835,77.316032
235,382,no2,NO₂ mass,µg/m³,469.0,2018-02-22T02:45:00+05:30,"Anand Vihar, New Delhi - DPCC",28.646835,77.316032
235,381,pm10,PM10,µg/m³,670.0,2018-02-22T02:45:00+05:30,"Anand Vihar, New Delhi - DPCC",28.646835,77.316032
235,385,co,CO mass,µg/m³,1300.0,2016-03-21T20:15:00+05:30,"Anand Vihar, New Delhi - DPCC",28.646835,77.316032
235,384,pm25,PM2.5,µg/m³,271.0,2018-02-22T02:45:00+05:30,"Anand Vihar, New Delhi - DPCC",28.646835,77.316032
235,12235608,o3,O₃ mass,µg/m³,12.0,2026-04-29T06:00:00+05:30,"Anand Vihar, New Delhi - DPCC",28.646835,77.316032
235,12235606,no,NO,ppb,12.7,2026-04-29T06:00:00+05:30,"Anand Vihar, New Delhi - DPCC",28.646835,77.316032
235,12235613,temperature,Temperature (C),c,29.3,2026-04-29T06:00:00+05:30,"Anand Vihar, New Delhi - DPCC",28.646835,77.316032
235,12235611,relativehumidity,RH,%,47.0,2026-04-29T06:00:00+05:30,"Anand Vihar, New Delhi - DPCC",28.646835,77.316032
235,12235605,co,CO,ppb,0.78,2026-04-29T06:00:00+05:30,"Anand Vihar, New Delhi - DPCC",28.646835,77.316032
235,12235612,so2,SO₂,ppb,31.3,2026-04-29T06:00:00+05:30,"Anand Vihar, New Delhi - DPCC",28.646835,77.316032
235,12235607,no2,NO₂,ppb,31.1,2026-04-29T06:00:00+05:30,"Anand Vihar, New Delhi - DPCC",28.646835,77.316032
235,12235609,pm10,PM10,µg/m³,433.0,2026-04-29T06:00:00+05:30,"Anand Vihar, New Delhi - DPCC",28.646835,77.316032
235,12235610,pm25,PM2.5,µg/m³,44.0,2026-04-29T06:00:00+05:30,"Anand Vihar, New Delhi - DPCC",28.646835,77.316032
235,14340866,wind_speed,Wind speed,m/s,1.2,2026-04-29T06:00:00+05:30,"Anand Vihar, New Delhi - DPCC",28.646835,77.316032
235,14340864,nox,NOX,ppb,0.0269,2026-04-29T06:00:00+05:30,"Anand Vihar, New Delhi - DPCC",28.646835,77.316032
235,14340865,wind_direction,Wind direction,deg,170.0,2026-04-29T06:00:00+05:30,"Anand Vihar, New Delhi - DPCC",28.646835,77.316032
236,386,co,CO mass,µg/m³,7500.0,2018-02-21T22:15:00+05:30,"Mandir Marg, Delhi - DPCC",28.6341,77.2005
236,391,pm10,PM10,µg/m³,208.0,2018-02-22T02:45:00+05:30,"Mandir Marg, Delhi - DPCC",28.6341,77.2005
236,387,so2,SO₂ mass,µg/m³,14.47,2018-02-22T02:45:00+05:30,"Mandir Marg, Delhi - DPCC",28.6341,77.2005
236,388,pm25,PM2.5,µg/m³,149.0,2018-02-22T02:45:00+05:30,"Mandir Marg, Delhi - DPCC",28.6341,77.2005
236,389,no2,NO₂ mass,µg/m³,63.1,2018-02-22T02:15:00+05:30,"Mandir Marg, Delhi - DPCC",28.6341,77.2005
236,390,o3,O₃ mass,µg/m³,2.6,2018-02-22T02:45:00+05:30,"Mandir Marg, Delhi - DPCC",28.6341,77.2005
301,5405,so2,SO₂ mass,µg/m³,25.92,2022-10-31T07:30:00+05:30,"Vikas Sadan, Gurugram - HSPCB",28.4501238,77.0263051
301,5409,no2,NO₂ mass,µg/m³,15.34,2022-10-31T07:30:00+05:30,"Vikas Sadan, Gurugram - HSPCB",28.4501238,77.0263051
301,1166,pm25,PM2.5,µg/m³,152.9,2022-10-31T07:30:00+05:30,"Vikas Sadan, Gurugram - HSPCB",28.4501238,77.0263051
301,5396,co,CO mass,µg/m³,210.0,2022-10-31T07:30:00+05:30,"Vikas Sadan, Gurugram - HSPCB",28.4501238,77.0263051
301,506,pm10,PM10,µg/m³,132.94,2016-04-12T15:00:00+05:30,"Vikas Sadan, Gurugram - HSPCB",28.4501238,77.0263051
301,5407,o3,O₃ mass,µg/m³,3.74,2022-10-31T07:30:00+05:30,"Vikas Sadan, Gurugram - HSPCB",28.4501238,77.0263051
301,14258983,co,CO,ppb,3.18,2026-04-29T05:00:00+05:30,"Vikas Sadan, Gurugram - HSPCB",28.4501238,77.0263051
301,14258990,so2,SO₂,ppb,5.02,2026-04-29T05:00:00+05:30,"Vikas Sadan, Gurugram - HSPCB",28.4501238,77.0263051
301,14258985,no2,NO₂,ppb,35.18,2026-04-29T05:00:00+05:30,"Vikas Sadan, Gurugram - HSPCB",28.4501238,77.0263051
301,14258988,pm25,PM2.5,µg/m³,79.2,2026-04-29T05:00:00+05:30,"Vikas Sadan, Gurugram - HSPCB",28.4501238,77.0263051
301,14258984,no,NO,ppb,30.74,2026-04-29T05:00:00+05:30,"Vikas Sadan, Gurugram - HSPCB",28.4501238,77.0263051
301,14341790,wind_direction,Wind direction,deg,279.19,2026-04-29T05:00:00+05:30,"Vikas Sadan, Gurugram - HSPCB",28.4501238,77.0263051
301,14258986,o3,O₃ mass,µg/m³,16.56,2026-04-29T05:00:00+05:30,"Vikas Sadan, Gurugram - HSPCB",28.4501238,77.0263051
301,14341789,nox,NOX,ppb,0.07046,2026-04-29T05:00:00+05:30,"Vikas Sadan, Gurugram - HSPCB",28.4501238,77.0263051
301,14258987,pm10,PM10,µg/m³,141.8,2026-04-29T05:00:00+05:30,"Vikas Sadan, Gurugram - HSPCB",28.4501238,77.0263051
301,14341791,wind_speed,Wind speed,m/s,2.16,2026-04-29T05:00:00+05:30,"Vikas Sadan, Gurugram - HSPCB",28.4501238,77.0263051
301,14258991,temperature,Temperature (C),c,-52.01,2026-04-29T05:00:00+05:30,"Vikas Sadan, Gurugram - HSPCB",28.4501238,77.0263051
301,14258989,relativehumidity,RH,%,-25.01,2026-04-29T05:00:00+05:30,"Vikas Sadan, Gurugram - HSPCB",28.4501238,77.0263051
431,13868,pm25,PM2.5,µg/m³,11.9,2018-02-22T08:15:00+05:30,"IHBAS, Delhi - CPCB",28.6821,77.305
431,13867,so2,SO₂ mass,µg/m³,6.42,2018-02-22T08:15:00+05:30,"IHBAS, Delhi - CPCB",28.6821,77.305
431,5361,co,CO mass,µg/m³,2500.0,2018-02-22T08:15:00+05:30,"IHBAS, Delhi - CPCB",28.6821,77.305
431,747,no2,NO₂ mass,µg/m³,121.43,2018-02-22T08:15:00+05:30,"IHBAS, Delhi - CPCB",28.6821,77.305
2503,13860,pm25,PM2.5,µg/m³,219.4,2018-02-22T08:15:00+05:30,"Shadipur, Delhi - CPCB",28.651699999999998,77.1581
2503,4852,no2,NO₂ mass,µg/m³,12.43,2018-02-22T08:15:00+05:30,"Shadipur, Delhi - CPCB",28.651699999999998,77.1581
2503,4851,co,CO mass,µg/m³,2140.0,2018-02-22T08:15:00+05:30,"Shadipur, Delhi - CPCB",28.651699999999998,77.1581
2503,13859,so2,SO₂ mass,µg/m³,13.43,2018-02-22T08:15:00+05:30,"Shadipur, Delhi - CPCB",28.651699999999998,77.1581
2503,4853,o3,O₃ mass,µg/m³,3.17,2018-02-22T08:15:00+05:30,"Shadipur, Delhi - CPCB",28.651699999999998,77.1581
2587,5341,no2,NO₂ mass,µg/m³,69.44,2018-02-22T08:55:00+05:30,"Sector16A, Faridabad - HSPCB",28.410122219999998,77.313775
2587,13900,pm25,PM2.5,µg/m³,232.0,2018-02-22T08:55:00+05:30,"Sector16A, Faridabad - HSPCB",28.410122219999998,77.313775
2587,40563,pm10,PM10,µg/m³,110.0,2018-01-29T19:20:00+05:30,"Sector16A, Faridabad - HSPCB",28.410122219999998,77.313775
2587,5347,co,CO mass,µg/m³,10.0,2018-02-07T12:05:00+05:30,"Sector16A, Faridabad - HSPCB",28.410122219999998,77.313775
2587,13901,so2,SO₂ mass,µg/m³,8.19,2018-02-22T08:55:00+05:30,"Sector16A, Faridabad - HSPCB",28.410122219999998,77.313775
2587,5344,o3,O₃ mass,µg/m³,5.46,2018-02-22T08:55:00+05:30,"Sector16A, Faridabad - HSPCB",28.410122219999998,77.313775
2597,5398,pm25,PM2.5,µg/m³,241.0,2016-11-09T22:00:00+05:30,US Diplomatic Post: New Delhi,28.598096,77.189066
5404,14086,co,CO mass,µg/m³,1860.0,2018-02-21T12:30:00+05:30,"Pusa, Delhi - IMD",28.639645,77.146263
5404,14087,pm25,PM2.5,µg/m³,109.48,2018-02-21T12:30:00+05:30,"Pusa, Delhi - IMD",28.639645,77.146263
5404,14084,no2,NO₂ mass,µg/m³,27.68,2018-02-21T12:30:00+05:30,"Pusa, Delhi - IMD",28.639645,77.146263
5404,14085,pm10,PM10,µg/m³,168.88,2018-02-21T12:30:00+05:30,"Pusa, Delhi - IMD",28.639645,77.146263
5404,12234697,co,CO,ppb,1.35,2026-04-28T15:30:00+05:30,"Pusa, Delhi - IMD",28.639645,77.146263
5404,12234701,pm10,PM10,µg/m³,303.4,2026-04-28T15:30:00+05:30,"Pusa, Delhi - IMD",28.639645,77.146263
5404,12234702,pm25,PM2.5,µg/m³,77.1,2026-04-28T15:30:00+05:30,"Pusa, Delhi - IMD",28.639645,77.146263
5404,12234699,no2,NO₂,ppb,16.75,2026-04-28T15:30:00+05:30,"Pusa, Delhi - IMD",28.639645,77.146263
5404,12234698,no,NO,ppb,6.59,2026-04-28T15:30:00+05:30,"Pusa, Delhi - IMD",28.639645,77.146263
5404,12234700,o3,O₃ mass,µg/m³,162.45,2026-04-28T15:30:00+05:30,"Pusa, Delhi - IMD",28.639645,77.146263
5404,14340700,nox,NOX,ppb,0.01427,2026-04-28T15:30:00+05:30,"Pusa, Delhi - IMD",28.639645,77.146263
5509,14519,co,CO mass,µg/m³,400.0,2022-10-31T06:00:00+05:30,"Anand Vihar, Delhi - DPCC",28.647622000000002,77.315809
5509,14522,pm10,PM10,µg/m³,504.0,2022-10-31T06:00:00+05:30,"Anand Vihar, Delhi - DPCC",28.647622000000002,77.315809
5509,14523,no2,NO₂ mass,µg/m³,29.7,2022-10-31T06:00:00+05:30,"Anand Vihar, Delhi - DPCC",28.647622000000002,77.315809
5509,14524,o3,O₃ mass,µg/m³,7.6,2022-10-31T06:00:00+05:30,"Anand Vihar, Delhi - DPCC",28.647622000000002,77.315809
5509,14520,so2,SO₂ mass,µg/m³,14.5,2022-10-31T05:45:00+05:30,"Anand Vihar, Delhi - DPCC",28.647622000000002,77.315809
5509,14521,pm25,PM2.5,µg/m³,283.0,2022-10-31T06:00:00+05:30,"Anand Vihar, Delhi - DPCC",28.647622000000002,77.315809
5540,14614,o3,O₃ mass,µg/m³,131.9,2018-05-12T11:30:00+05:30,"Punjabi Bagh, Delhi - DPCC",28.6670856,77.1301247
5540,14615,so2,SO₂ mass,µg/m³,54.4,2018-05-12T11:30:00+05:30,"Punjabi Bagh, Delhi - DPCC",28.6670856,77.1301247
5540,14617,pm25,PM2.5,µg/m³,74.0,2018-05-13T17:00:00+05:30,"Punjabi Bagh, Delhi - DPCC",28.6670856,77.1301247
5540,14616,co,CO mass,µg/m³,2000.0,2018-05-12T11:30:00+05:30,"Punjabi Bagh, Delhi - DPCC",28.6670856,77.1301247
5540,14612,pm10,PM10,µg/m³,431.0,2018-05-13T17:00:00+05:30,"Punjabi Bagh, Delhi - DPCC",28.6670856,77.1301247
5540,14613,no2,NO₂ mass,µg/m³,169.3,2018-05-12T11:30:00+05:30,"Punjabi Bagh, Delhi - DPCC",28.6670856,77.1301247
5541,14936,no2,NO₂ mass,µg/m³,0.0,2022-08-03T16:30:00+05:30,"Burari Crossing, New Delhi - IMD",28.7256504,77.2011573
5541,14931,o3,O₃ mass,µg/m³,36.63,2022-08-03T16:30:00+05:30,"Burari Crossing, New Delhi - IMD",28.7256504,77.2011573
5541,14912,pm25,PM2.5,µg/m³,0.0,2022-08-03T16:30:00+05:30,"Burari Crossing, New Delhi - IMD",28.7256504,77.2011573
5541,14620,pm10,PM10,µg/m³,0.0,2022-08-03T16:30:00+05:30,"Burari Crossing, New Delhi - IMD",28.7256504,77.2011573
5541,14958,co,CO mass,µg/m³,1230.0,2022-08-03T16:30:00+05:30,"Burari Crossing, New Delhi - IMD",28.7256504,77.2011573
5541,12234683,pm10,PM10,µg/m³,189.02,2026-04-29T05:30:00+05:30,"Burari Crossing, New Delhi - IMD",28.7256504,77.2011573
5541,12234680,no,NO,ppb,3.85,2026-04-29T05:30:00+05:30,"Burari Crossing, New Delhi - IMD",28.7256504,77.2011573
5541,12234681,no2,NO₂,ppb,12.53,2026-04-29T05:30:00+05:30,"Burari Crossing, New Delhi - IMD",28.7256504,77.2011573
5541,12234684,pm25,PM2.5,µg/m³,28.16,2026-04-29T05:30:00+05:30,"Burari Crossing, New Delhi - IMD",28.7256504,77.2011573
5541,12234679,co,CO,ppb,0.61,2026-04-29T05:30:00+05:30,"Burari Crossing, New Delhi - IMD",28.7256504,77.2011573
5541,12234682,o3,O₃ mass,µg/m³,66.34,2026-04-29T05:30:00+05:30,"Burari Crossing, New Delhi - IMD",28.7256504,77.2011573
5541,14340697,nox,NOX,ppb,0.009800000000000001,2026-04-29T05:30:00+05:30,"Burari Crossing, New Delhi - IMD",28.7256504,77.2011573
5570,14717,pm25,PM2.5,µg/m³,31.91,2022-10-16T19:15:00+05:30,"Aya Nagar, New Delhi - IMD",28.474261,77.131606
5570,15027,pm10,PM10,µg/m³,327.31,2022-10-31T06:45:00+05:30,"Aya Nagar, New Delhi - IMD",28.474261,77.131606
5570,15010,co,CO mass,µg/m³,1740.0,2022-10-31T06:45:00+05:30,"Aya Nagar, New Delhi - IMD",28.474261,77.131606
5570,15021,o3,O₃ mass,µg/m³,29.5,2022-10-31T06:45:00+05:30,"Aya Nagar, New Delhi - IMD",28.474261,77.131606
5570,15019,no2,NO₂ mass,µg/m³,25.02,2022-10-31T06:45:00+05:30,"Aya Nagar, New Delhi - IMD",28.474261,77.131606
5570,12234707,pm10,PM10,µg/m³,204.69,2026-04-29T05:30:00+05:30,"Aya Nagar, New Delhi - IMD",28.474261,77.131606
5570,12234708,pm25,PM2.5,µg/m³,0.0,2026-04-29T05:30:00+05:30,"Aya Nagar, New Delhi - IMD",28.474261,77.131606
5570,12234704,no,NO,ppb,18.16,2026-04-29T05:30:00+05:30,"Aya Nagar, New Delhi - IMD",28.474261,77.131606
5570,12234705,no2,NO₂,ppb,17.27,2026-04-29T05:30:00+05:30,"Aya Nagar, New Delhi - IMD",28.474261,77.131606
5570,12234706,o3,O₃ mass,µg/m³,46.18,2026-04-29T05:30:00+05:30,"Aya Nagar, New Delhi - IMD",28.474261,77.131606
5570,12234703,co,CO,ppb,1.19,2026-04-29T05:30:00+05:30,"Aya Nagar, New Delhi - IMD",28.474261,77.131606
5570,14340701,nox,NOX,ppb,0.02395,2026-04-29T05:30:00+05:30,"Aya Nagar, New Delhi - IMD",28.474261,77.131606
5581,14853,pm25,PM2.5,µg/m³,0.0,2018-05-14T07:30:00+05:30,"Pusa, New Delhi - IMD",28.610304,77.0996943
5581,15266,co,CO mass,µg/m³,500.0,2018-05-14T07:30:00+05:30,"Pusa, New Delhi - IMD",28.610304,77.0996943
5581,14800,no2,NO₂ mass,µg/m³,29.87,2018-05-14T07:30:00+05:30,"Pusa, New Delhi - IMD",28.610304,77.0996943
5581,14752,o3,O₃ mass,µg/m³,17.53,2018-05-14T07:30:00+05:30,"Pusa, New Delhi - IMD",28.610304,77.0996943
5581,14851,pm10,PM10,µg/m³,50.37,2018-05-14T07:30:00+05:30,"Pusa, New Delhi - IMD",28.610304,77.0996943
5586,12234768,pm10,PM10,µg/m³,211.0,2026-04-29T05:45:00+05:30,"Sirifort, Delhi - CPCB",28.5504249,77.2159377
5586,12234766,no2,NO₂,ppb,20.99,2026-04-29T05:45:00+05:30,"Sirifort, Delhi - CPCB",28.5504249,77.2159377
5586,12234767,o3,O₃ mass,µg/m³,17.13,2026-04-29T05:45:00+05:30,"Sirifort, Delhi - CPCB",28.5504249,77.2159377
5586,12234772,temperature,Temperature (C),c,27.01,2026-04-29T05:45:00+05:30,"Sirifort, Delhi - CPCB",28.5504249,77.2159377
5586,12234769,pm25,PM2.5,µg/m³,41.0,2026-04-29T05:45:00+05:30,"Sirifort, Delhi - CPCB",28.5504249,77.2159377
5586,12234764,co,CO,ppb,0.22,2026-04-29T05:45:00+05:30,"Sirifort, Delhi - CPCB",28.5504249,77.2159377
5586,12234771,so2,SO₂,ppb,30.98,2026-04-29T05:45:00+05:30,"Sirifort, Delhi - CPCB",28.5504249,77.2159377
5586,12234765,no,NO,ppb,18.55,2026-04-29T05:45:00+05:30,"Sirifort, Delhi - CPCB",28.5504249,77.2159377
5586,12234770,relativehumidity,RH,%,61.21,2026-04-29T05:45:00+05:30,"Sirifort, Delhi - CPCB",28.5504249,77.2159377
5586,14340709,wind_speed,Wind speed,m/s,6.0,2026-04-29T05:45:00+05:30,"Sirifort, Delhi - CPCB",28.5504249,77.2159377
5586,14340707,nox,NOX,ppb,0.03606,2026-04-29T05:45:00+05:30,"Sirifort, Delhi - CPCB",28.5504249,77.2159377
5586,14340708,wind_direction,Wind direction,deg,181.0,2026-04-29T05:45:00+05:30,"Sirifort, Delhi - CPCB",28.5504249,77.2159377
5598,12235186,pm10,PM10,µg/m³,392.0,2026-04-29T05:45:00+05:30,"Sector - 125, Noida, UP - UPPCB",28.5447608,77.3231257
5598,12235184,no2,NO₂,ppb,17.2,2026-04-29T05:45:00+05:30,"Sector - 125, Noida, UP - UPPCB",28.5447608,77.3231257
5598,12235188,relativehumidity,RH,%,56.0,2026-04-29T05:45:00+05:30,"Sector - 125, Noida, UP - UPPCB",28.5447608,77.3231257
5598,12235183,no,NO,ppb,4.8,2026-04-29T05:45:00+05:30,"Sector - 125, Noida, UP - UPPCB",28.5447608,77.3231257
5598,12235182,co,CO,ppb,2.02,2026-04-29T05:45:00+05:30,"Sector - 125, Noida, UP - UPPCB",28.5447608,77.3231257
5598,12235190,temperature,Temperature (C),c,30.1,2026-04-29T05:45:00+05:30,"Sector - 125, Noida, UP - UPPCB",28.5447608,77.3231257
5598,12235189,so2,SO₂,ppb,10.3,2026-04-29T05:45:00+05:30,"Sector - 125, Noida, UP - UPPCB",28.5447608,77.3231257
5598,12235187,pm25,PM2.5,µg/m³,34.0,2026-04-29T05:45:00+05:30,"Sector - 125, Noida, UP - UPPCB",28.5447608,77.3231257
5598,12235185,o3,O₃ mass,µg/m³,52.1,2026-04-29T05:45:00+05:30,"Sector - 125, Noida, UP - UPPCB",28.5447608,77.3231257
5598,14340784,nox,NOX,ppb,0.013,2026-04-29T05:45:00+05:30,"Sector - 125, Noida, UP - UPPCB",28.5447608,77.3231257
5598,14340785,wind_direction,Wind direction,deg,231.0,2026-04-29T05:45:00+05:30,"Sector - 125, Noida, UP - UPPCB",28.5447608,77.3231257
5598,14340786,wind_speed,Wind speed,m/s,3.4,2026-04-29T05:45:00+05:30,"Sector - 125, Noida, UP - UPPCB",28.5447608,77.3231257
5610,14902,no2,NO₂ mass,µg/m³,24.0,2022-10-31T07:30:00+05:30,"North Campus, DU, Delhi - IMD",28.6573814,77.1585447
5610,14886,pm10,PM10,µg/m³,235.44,2022-10-31T07:30:00+05:30,"North Campus, DU, Delhi - IMD",28.6573814,77.1585447
5610,2007703,o3,O₃,ppm,0.01087,2022-10-31T07:30:00+05:30,"North Campus, DU, Delhi - IMD",28.6573814,77.1585447
5610,14860,pm25,PM2.5,µg/m³,147.6,2022-10-31T07:30:00+05:30,"North Campus, DU, Delhi - IMD",28.6573814,77.1585447
5610,14909,co,CO mass,µg/m³,1390.0,2022-10-31T07:30:00+05:30,"North Campus, DU, Delhi - IMD",28.6573814,77.1585447
5610,14889,o3,O₃ mass,µg/m³,14.59,2022-06-22T07:45:00+05:30,"North Campus, DU, Delhi - IMD",28.6573814,77.1585447
5610,12234687,no2,NO₂,ppb,9.44,2026-04-29T05:30:00+05:30,"North Campus, DU, Delhi - IMD",28.6573814,77.1585447
5610,12234686,no,NO,ppb,3.8,2026-04-29T05:30:00+05:30,"North Campus, DU, Delhi - IMD",28.6573814,77.1585447
5610,12234689,pm10,PM10,µg/m³,176.3,2026-04-29T05:30:00+05:30,"North Campus, DU, Delhi - IMD",28.6573814,77.1585447
5610,12234685,co,CO,ppb,0.65,2026-04-29T05:30:00+05:30,"North Campus, DU, Delhi - IMD",28.6573814,77.1585447
5610,12234688,o3,O₃ mass,µg/m³,35.15,2026-04-29T05:30:00+05:30,"North Campus, DU, Delhi - IMD",28.6573814,77.1585447
5610,12234690,pm25,PM2.5,µg/m³,42.5,2026-04-29T05:30:00+05:30,"North Campus, DU, Delhi - IMD",28.6573814,77.1585447
5610,14340698,nox,NOX,ppb,0.0081,2026-04-29T05:30:00+05:30,"North Campus, DU, Delhi - IMD",28.6573814,77.1585447
5613,14866,no2,NO₂ mass,µg/m³,22.17,2020-01-20T12:45:00+05:30,"ITO, New Delhi - CPCB",28.628624,77.24106
5613,14869,pm10,PM10,µg/m³,209.0,2020-01-20T12:45:00+05:30,"ITO, New Delhi - CPCB",28.628624,77.24106
5613,14878,pm25,PM2.5,µg/m³,162.0,2020-01-20T12:45:00+05:30,"ITO, New Delhi - CPCB",28.628624,77.24106
5613,17785,o3,O₃ mass,µg/m³,28.7,2020-01-20T12:45:00+05:30,"ITO, New Delhi - CPCB",28.628624,77.24106
5613,17781,so2,SO₂ mass,µg/m³,11.16,2020-01-20T12:45:00+05:30,"ITO, New Delhi - CPCB",28.628624,77.24106
5613,17782,co,CO mass,µg/m³,1450.0,2020-01-20T12:45:00+05:30,"ITO, New Delhi - CPCB",28.628624,77.24106
5613,12234753,pm25,PM2.5,µg/m³,37.0,2026-04-29T05:30:00+05:30,"ITO, New Delhi - CPCB",28.628624,77.24106
5613,12234748,co,CO,ppb,0.6,2026-04-29T05:30:00+05:30,"ITO, New Delhi - CPCB",28.628624,77.24106
5613,12234751,o3,O₃ mass,µg/m³,45.8,2026-04-29T05:30:00+05:30,"ITO, New Delhi - CPCB",28.628624,77.24106
5613,12234749,no,NO,ppb,25.7,2026-04-29T05:30:00+05:30,"ITO, New Delhi - CPCB",28.628624,77.24106
5613,12234752,pm10,PM10,µg/m³,150.0,2026-04-29T05:30:00+05:30,"ITO, New Delhi - CPCB",28.628624,77.24106
5613,12234750,no2,NO₂,ppb,36.0,2026-04-29T05:30:00+05:30,"ITO, New Delhi - CPCB",28.628624,77.24106
5613,12234754,so2,SO₂,ppb,22.8,2026-04-29T05:30:00+05:30,"ITO, New Delhi - CPCB",28.628624,77.24106
5613,14341687,nox,NOX,ppb,0.04,2026-04-29T05:30:00+05:30,"ITO, New Delhi - CPCB",28.628624,77.24106
5617,14930,pm25,PM2.5,µg/m³,240.0,2022-10-31T07:30:00+05:30,"Sector- 16A, Faridabad - HSPCB",28.4088421,77.3099081
5617,15107,so2,SO₂ mass,µg/m³,22.27,2022-10-31T07:30:00+05:30,"Sector- 16A, Faridabad - HSPCB",28.4088421,77.3099081
5617,15229,o3,O₃ mass,µg/m³,16.86,2022-10-31T07:30:00+05:30,"Sector- 16A, Faridabad - HSPCB",28.4088421,77.3099081
5617,17547,pm10,PM10,µg/m³,634.0,2018-11-08T22:00:00+05:30,"Sector- 16A, Faridabad - HSPCB",28.4088421,77.3099081
5617,17865,co,CO mass,µg/m³,0.0,2022-02-06T20:15:00+05:30,"Sector- 16A, Faridabad - HSPCB",28.4088421,77.3099081
5617,14887,no2,NO₂ mass,µg/m³,18.99,2022-10-31T07:30:00+05:30,"Sector- 16A, Faridabad - HSPCB",28.4088421,77.3099081
5622,14923,so2,SO₂ mass,µg/m³,2.0,2022-10-31T07:30:00+05:30,"NSIT Dwarka, Delhi - CPCB",28.60909,77.0325413
5622,14922,pm25,PM2.5,µg/m³,208.4,2022-10-31T07:30:00+05:30,"NSIT Dwarka, Delhi - CPCB",28.60909,77.0325413
5622,14920,o3,O₃ mass,µg/m³,38.99,2022-10-31T07:30:00+05:30,"NSIT Dwarka, Delhi - CPCB",28.60909,77.0325413
5622,14916,co,CO mass,µg/m³,860.0,2022-10-31T07:30:00+05:30,"NSIT Dwarka, Delhi - CPCB",28.60909,77.0325413
5622,14919,no2,NO₂ mass,µg/m³,32.47,2022-10-31T07:30:00+05:30,"NSIT Dwarka, Delhi - CPCB",28.60909,77.0325413
5622,34957,pm10,PM10,µg/m³,357.6,2022-10-31T07:30:00+05:30,"NSIT Dwarka, Delhi - CPCB",28.60909,77.0325413
5622,12234745,relativehumidity,RH,%,63.8,2026-04-29T05:45:00+05:30,"NSIT Dwarka, Delhi - CPCB",28.60909,77.0325413
5622,12234742,o3,O₃ mass,µg/m³,59.7,2026-04-29T05:45:00+05:30,"NSIT Dwarka, Delhi - CPCB",28.60909,77.0325413
5622,12234740,no,NO,ppb,13.58,2026-04-29T05:45:00+05:30,"NSIT Dwarka, Delhi - CPCB",28.60909,77.0325413
5622,12234743,pm10,PM10,µg/m³,124.0,2026-04-29T05:45:00+05:30,"NSIT Dwarka, Delhi - CPCB",28.60909,77.0325413
5622,12234741,no2,NO₂,ppb,49.39,2026-04-29T05:45:00+05:30,"NSIT Dwarka, Delhi - CPCB",28.60909,77.0325413
5622,12234747,temperature,Temperature (C),c,38.75,2026-04-29T05:45:00+05:30,"NSIT Dwarka, Delhi - CPCB",28.60909,77.0325413
5622,12234744,pm25,PM2.5,µg/m³,44.6,2026-04-29T05:45:00+05:30,"NSIT Dwarka, Delhi - CPCB",28.60909,77.0325413
5622,12234746,so2,SO₂,ppb,15.51,2026-04-29T05:45:00+05:30,"NSIT Dwarka, Delhi - CPCB",28.60909,77.0325413
5622,12234739,co,CO,ppb,1.047,2026-04-29T05:45:00+05:30,"NSIT Dwarka, Delhi - CPCB",28.60909,77.0325413
5622,14341692,wind_speed,Wind speed,m/s,2.07,2026-04-29T05:45:00+05:30,"NSIT Dwarka, Delhi - CPCB",28.60909,77.0325413
5622,14341688,nox,NOX,ppb,0.03731,2026-04-29T05:45:00+05:30,"NSIT Dwarka, Delhi - CPCB",28.60909,77.0325413
5622,14341690,wind_direction,Wind direction,deg,38.77,2026-04-29T05:45:00+05:30,"NSIT Dwarka, Delhi - CPCB",28.60909,77.0325413
5626,14949,o3,O₃ mass,µg/m³,14.3,2022-10-31T07:15:00+05:30,"DTU, New Delhi - CPCB",28.7500499,77.1112615
5626,14985,pm25,PM2.5,µg/m³,217.0,2022-10-31T07:15:00+05:30,"DTU, New Delhi - CPCB",28.7500499,77.1112615
5626,14941,no2,NO₂ mass,µg/m³,40.8,2022-10-31T07:15:00+05:30,"DTU, New Delhi - CPCB",28.7500499,77.1112615
5626,14933,co,CO mass,µg/m³,1900.0,2022-10-31T07:15:00+05:30,"DTU, New Delhi - CPCB",28.7500499,77.1112615
5626,17766,so2,SO₂ mass,µg/m³,14.3,2022-10-31T07:15:00+05:30,"DTU, New Delhi - CPCB",28.7500499,77.1112615
5626,14974,pm10,PM10,µg/m³,379.0,2022-10-31T07:15:00+05:30,"DTU, New Delhi - CPCB",28.7500499,77.1112615
5626,12234761,relativehumidity,RH,%,76.73,2026-04-29T05:45:00+05:30,"DTU, New Delhi - CPCB",28.7500499,77.1112615
5626,12234756,no,NO,ppb,18.45,2026-04-29T05:45:00+05:30,"DTU, New Delhi - CPCB",28.7500499,77.1112615
5626,12234762,so2,SO₂,ppb,23.27,2026-04-29T05:45:00+05:30,"DTU, New Delhi - CPCB",28.7500499,77.1112615
5626,12234763,temperature,Temperature (C),c,23.65,2026-04-29T05:45:00+05:30,"DTU, New Delhi - CPCB",28.7500499,77.1112615
5626,12234760,pm25,PM2.5,µg/m³,34.16,2026-04-29T05:45:00+05:30,"DTU, New Delhi - CPCB",28.7500499,77.1112615
5626,12234755,co,CO,ppb,0.46,2026-04-29T05:45:00+05:30,"DTU, New Delhi - CPCB",28.7500499,77.1112615
5626,12234759,pm10,PM10,µg/m³,81.0,2026-04-29T05:45:00+05:30,"DTU, New Delhi - CPCB",28.7500499,77.1112615
5626,12234757,no2,NO₂,ppb,27.98,2026-04-29T05:45:00+05:30,"DTU, New Delhi - CPCB",28.7500499,77.1112615
5626,12234758,o3,O₃ mass,µg/m³,26.11,2026-04-29T05:45:00+05:30,"DTU, New Delhi - CPCB",28.7500499,77.1112615
5626,14340704,nox,NOX,ppb,0.02989,2026-04-29T05:45:00+05:30,"DTU, New Delhi - CPCB",28.7500499,77.1112615
5626,14340705,wind_direction,Wind direction,deg,242.05,2026-04-29T05:45:00+05:30,"DTU, New Delhi - CPCB",28.7500499,77.1112615
5626,14340706,wind_speed,Wind speed,m/s,1.47,2026-04-29T05:45:00+05:30,"DTU, New Delhi - CPCB",28.7500499,77.1112615
5627,15063,o3,O₃ mass,µg/m³,28.31,2022-10-31T06:45:00+05:30,"CRRI Mathura Road, New Delhi - IMD",28.5512005,77.2735737
5627,15098,co,CO mass,µg/m³,960.0,2022-10-31T06:45:00+05:30,"CRRI Mathura Road, New Delhi - IMD",28.5512005,77.2735737
5627,14935,pm25,PM2.5,µg/m³,224.72,2022-10-31T06:45:00+05:30,"CRRI Mathura Road, New Delhi - IMD",28.5512005,77.2735737
5627,14946,pm10,PM10,µg/m³,345.82,2022-10-31T06:45:00+05:30,"CRRI Mathura Road, New Delhi - IMD",28.5512005,77.2735737
5627,15082,no2,NO₂ mass,µg/m³,3.52,2022-10-31T06:45:00+05:30,"CRRI Mathura Road, New Delhi - IMD",28.5512005,77.2735737
5627,12234675,no2,NO₂,ppb,28.02,2026-04-29T05:30:00+05:30,"CRRI Mathura Road, New Delhi - IMD",28.5512005,77.2735737
5627,12234677,pm10,PM10,µg/m³,243.08,2026-04-29T05:30:00+05:30,"CRRI Mathura Road, New Delhi - IMD",28.5512005,77.2735737
5627,12234678,pm25,PM2.5,µg/m³,41.22,2026-04-29T05:30:00+05:30,"CRRI Mathura Road, New Delhi - IMD",28.5512005,77.2735737
5627,12234674,no,NO,ppb,6.92,2026-04-29T05:30:00+05:30,"CRRI Mathura Road, New Delhi - IMD",28.5512005,77.2735737
5627,12234676,o3,O₃ mass,µg/m³,32.33,2026-04-29T05:30:00+05:30,"CRRI Mathura Road, New Delhi - IMD",28.5512005,77.2735737
5627,12234673,co,CO,ppb,0.81,2026-04-29T05:30:00+05:30,"CRRI Mathura Road, New Delhi - IMD",28.5512005,77.2735737
5627,14340696,nox,NOX,ppb,0.02053,2026-04-29T05:30:00+05:30,"CRRI Mathura Road, New Delhi - IMD",28.5512005,77.2735737
5630,15053,no2,NO₂ mass,µg/m³,36.5,2022-10-31T07:30:00+05:30,"Shadipur, Delhi - CPCB",28.6514781,77.1473105
5630,36210,pm10,PM10,µg/m³,833.9,2022-10-31T07:30:00+05:30,"Shadipur, Delhi - CPCB",28.6514781,77.1473105
5630,15119,co,CO mass,µg/m³,2410.0,2022-10-31T07:30:00+05:30,"Shadipur, Delhi - CPCB",28.6514781,77.1473105
5630,14959,pm25,PM2.5,µg/m³,139.2,2022-10-31T07:30:00+05:30,"Shadipur, Delhi - CPCB",28.6514781,77.1473105
5630,15011,o3,O₃ mass,µg/m³,8.02,2022-10-31T07:30:00+05:30,"Shadipur, Delhi - CPCB",28.6514781,77.1473105
5630,14952,so2,SO₂ mass,µg/m³,10.3,2022-10-31T07:30:00+05:30,"Shadipur, Delhi - CPCB",28.6514781,77.1473105
5630,12234724,o3,O₃ mass,µg/m³,26.19,2026-04-29T05:30:00+05:30,"Shadipur, Delhi - CPCB",28.6514781,77.1473105
5630,12234729,temperature,Temperature (C),c,26.39,2026-04-29T05:30:00+05:30,"Shadipur, Delhi - CPCB",28.6514781,77.1473105
5630,12234723,no2,NO₂,ppb,45.85,2026-04-29T05:30:00+05:30,"Shadipur, Delhi - CPCB",28.6514781,77.1473105
5630,12234721,co,CO,ppb,0.637,2026-04-29T05:30:00+05:30,"Shadipur, Delhi - CPCB",28.6514781,77.1473105
5630,12234728,so2,SO₂,ppb,12.5,2026-04-29T05:30:00+05:30,"Shadipur, Delhi - CPCB",28.6514781,77.1473105
5630,12234727,relativehumidity,RH,%,25.27,2026-04-29T05:30:00+05:30,"Shadipur, Delhi - CPCB",28.6514781,77.1473105
5630,12234726,pm25,PM2.5,µg/m³,37.1,2026-04-29T05:30:00+05:30,"Shadipur, Delhi - CPCB",28.6514781,77.1473105
5630,12234725,pm10,PM10,µg/m³,74.3,2026-04-29T05:30:00+05:30,"Shadipur, Delhi - CPCB",28.6514781,77.1473105
5630,12234722,no,NO,ppb,9.06,2026-04-29T05:30:00+05:30,"Shadipur, Delhi - CPCB",28.6514781,77.1473105
5630,14341722,wind_direction,Wind direction,deg,267.16,2026-04-29T05:30:00+05:30,"Shadipur, Delhi - CPCB",28.6514781,77.1473105
5630,14341721,nox,NOX,ppb,0.03175,2026-04-29T05:30:00+05:30,"Shadipur, Delhi - CPCB",28.6514781,77.1473105
5630,14341723,wind_speed,Wind speed,m/s,2.28,2026-04-29T05:30:00+05:30,"Shadipur, Delhi - CPCB",28.6514781,77.1473105
5634,14984,pm25,PM2.5,µg/m³,64.29,2022-10-16T15:45:00+05:30,"Lodhi Road, New Delhi - IMD",28.5918245,77.2273074
5634,14980,no2,NO₂ mass,µg/m³,6.96,2022-10-16T15:45:00+05:30,"Lodhi Road, New Delhi - IMD",28.5918245,77.2273074
5634,14981,o3,O₃ mass,µg/m³,47.96,2022-10-16T15:45:00+05:30,"Lodhi Road, New Delhi - IMD",28.5918245,77.2273074
5634,14983,pm10,PM10,µg/m³,155.4,2022-10-16T15:45:00+05:30,"Lodhi Road, New Delhi - IMD",28.5918245,77.2273074
5634,14978,co,CO mass,µg/m³,1940.0,2022-10-16T15:45:00+05:30,"Lodhi Road, New Delhi - IMD",28.5918245,77.2273074
5634,12234713,pm10,PM10,µg/m³,199.5,2026-04-29T05:30:00+05:30,"Lodhi Road, New Delhi - IMD",28.5918245,77.2273074
5634,12234711,no2,NO₂,ppb,6.12,2026-04-29T05:30:00+05:30,"Lodhi Road, New Delhi - IMD",28.5918245,77.2273074
5634,12234712,o3,O₃ mass,µg/m³,69.62,2026-04-29T05:30:00+05:30,"Lodhi Road, New Delhi - IMD",28.5918245,77.2273074
5634,12234709,co,CO,ppb,0.43,2026-04-29T05:30:00+05:30,"Lodhi Road, New Delhi - IMD",28.5918245,77.2273074
5634,12234714,pm25,PM2.5,µg/m³,35.8,2026-04-29T05:30:00+05:30,"Lodhi Road, New Delhi - IMD",28.5918245,77.2273074
5634,12234710,no,NO,ppb,1.13,2026-04-29T05:30:00+05:30,"Lodhi Road, New Delhi - IMD",28.5918245,77.2273074
5634,14340702,nox,NOX,ppb,0.00417,2026-04-29T05:30:00+05:30,"Lodhi Road, New Delhi - IMD",28.5918245,77.2273074
5639,15008,co,CO mass,µg/m³,3000.0,2018-05-07T01:00:00+05:30,"R K Puram, New Delhi - DPCC",28.5646102,77.1670103
5639,15059,pm10,PM10,µg/m³,296.0,2018-05-12T10:15:00+05:30,"R K Puram, New Delhi - DPCC",28.5646102,77.1670103
5639,15071,pm25,PM2.5,µg/m³,213.0,2018-05-12T10:15:00+05:30,"R K Puram, New Delhi - DPCC",28.5646102,77.1670103
5639,15092,so2,SO₂ mass,µg/m³,18.4,2018-05-07T01:00:00+05:30,"R K Puram, New Delhi - DPCC",28.5646102,77.1670103
5639,15042,o3,O₃ mass,µg/m³,8.7,2018-05-07T01:00:00+05:30,"R K Puram, New Delhi - DPCC",28.5646102,77.1670103
5639,15030,no2,NO₂ mass,µg/m³,81.4,2018-05-07T01:00:00+05:30,"R K Puram, New Delhi - DPCC",28.5646102,77.1670103
5641,15028,co,CO mass,µg/m³,400.0,2018-05-10T13:00:00+05:30,"Mandir Marg, New Delhi - DPCC",28.6372688,77.2005604
5641,15023,o3,O₃ mass,µg/m³,99.0,2018-05-10T13:00:00+05:30,"Mandir Marg, New Delhi - DPCC",28.6372688,77.2005604
5641,15022,pm10,PM10,µg/m³,251.0,2018-05-12T10:00:00+05:30,"Mandir Marg, New Delhi - DPCC",28.6372688,77.2005604
5641,15025,no2,NO₂ mass,µg/m³,26.9,2018-05-10T13:00:00+05:30,"Mandir Marg, New Delhi - DPCC",28.6372688,77.2005604
5641,15014,pm25,PM2.5,µg/m³,134.0,2018-05-12T10:00:00+05:30,"Mandir Marg, New Delhi - DPCC",28.6372688,77.2005604
5641,15013,so2,SO₂ mass,µg/m³,18.0,2018-05-10T13:00:00+05:30,"Mandir Marg, New Delhi - DPCC",28.6372688,77.2005604
5650,12234691,co,CO,ppb,0.56,2026-04-29T05:30:00+05:30,"IGI Airport (T3), Delhi - IMD",28.5627763,77.1180053
5650,12234692,no,NO,ppb,6.54,2026-04-29T05:30:00+05:30,"IGI Airport (T3), Delhi - IMD",28.5627763,77.1180053
5650,12234695,pm10,PM10,µg/m³,170.54,2026-04-29T05:30:00+05:30,"IGI Airport (T3), Delhi - IMD",28.5627763,77.1180053
5650,12234696,pm25,PM2.5,µg/m³,34.75,2026-04-29T05:30:00+05:30,"IGI Airport (T3), Delhi - IMD",28.5627763,77.1180053
5650,12234694,o3,O₃ mass,µg/m³,42.6,2026-04-29T05:30:00+05:30,"IGI Airport (T3), Delhi - IMD",28.5627763,77.1180053
5650,12234693,no2,NO₂,ppb,27.15,2026-04-29T05:30:00+05:30,"IGI Airport (T3), Delhi - IMD",28.5627763,77.1180053
5650,14340699,nox,NOX,ppb,0.019739999999999997,2026-04-29T05:30:00+05:30,"IGI Airport (T3), Delhi - IMD",28.5627763,77.1180053
5742,15500,o3,O₃ mass,µg/m³,139.3,2018-05-08T12:00:00+05:30,"Patparganj, Delhi - DPCC",28.6310495,77.2846218
5742,15628,pm10,PM10,µg/m³,149.0,2018-05-13T17:00:00+05:30,"Patparganj, Delhi - DPCC",28.6310495,77.2846218
5742,15498,no2,NO₂ mass,µg/m³,10.3,2018-05-08T12:00:00+05:30,"Patparganj, Delhi - DPCC",28.6310495,77.2846218
5742,15629,pm25,PM2.5,µg/m³,67.0,2018-05-13T17:00:00+05:30,"Patparganj, Delhi - DPCC",28.6310495,77.2846218
5742,15499,so2,SO₂ mass,µg/m³,6.9,2018-05-08T12:00:00+05:30,"Patparganj, Delhi - DPCC",28.6310495,77.2846218
5743,15503,co,CO mass,µg/m³,700.0,2018-05-09T16:30:00+05:30,"Rohini, Delhi - DPCC",28.7407056,77.0577492
5743,15508,no2,NO₂ mass,µg/m³,25.5,2018-05-09T16:30:00+05:30,"Rohini, Delhi - DPCC",28.7407056,77.0577492
5743,15506,o3,O₃ mass,µg/m³,42.0,2018-05-09T16:30:00+05:30,"Rohini, Delhi - DPCC",28.7407056,77.0577492
5743,15504,so2,SO₂ mass,µg/m³,7.7,2018-05-09T16:30:00+05:30,"Rohini, Delhi - DPCC",28.7407056,77.0577492
5743,15622,pm10,PM10,µg/m³,317.0,2018-05-12T12:00:00+05:30,"Rohini, Delhi - DPCC",28.7407056,77.0577492
5743,15618,pm25,PM2.5,µg/m³,110.0,2018-05-12T12:00:00+05:30,"Rohini, Delhi - DPCC",28.7407056,77.0577492
5744,15588,pm10,PM10,µg/m³,249.0,2018-05-12T10:15:00+05:30,"Dr. Karni Singh Shooting Range, Delhi - DPCC",28.4997315,77.2649067
5744,15507,o3,O₃ mass,µg/m³,3.0,2018-05-09T16:30:00+05:30,"Dr. Karni Singh Shooting Range, Delhi - DPCC",28.4997315,77.2649067
5744,15589,pm25,PM2.5,µg/m³,129.0,2018-05-12T10:15:00+05:30,"Dr. Karni Singh Shooting Range, Delhi - DPCC",28.4997315,77.2649067
5744,15505,no2,NO₂ mass,µg/m³,32.4,2018-05-09T16:30:00+05:30,"Dr. Karni Singh Shooting Range, Delhi - DPCC",28.4997315,77.2649067
5744,15510,co,CO mass,µg/m³,150.0,2018-05-09T16:30:00+05:30,"Dr. Karni Singh Shooting Range, Delhi - DPCC",28.4997315,77.2649067
5744,15509,so2,SO₂ mass,µg/m³,29.0,2018-05-09T16:30:00+05:30,"Dr. Karni Singh Shooting Range, Delhi - DPCC",28.4997315,77.2649067
5753,15546,so2,SO₂ mass,µg/m³,7.2,2018-05-10T14:30:00+05:30,"Vivek Vihar, Delhi - DPCC",28.6687803,77.3130982
5753,15543,o3,O₃ mass,µg/m³,181.1,2018-05-10T14:30:00+05:30,"Vivek Vihar, Delhi - DPCC",28.6687803,77.3130982
5753,15545,co,CO mass,µg/m³,700.0,2018-05-10T14:30:00+05:30,"Vivek Vihar, Delhi - DPCC",28.6687803,77.3130982
5753,15604,pm25,PM2.5,µg/m³,162.0,2018-05-12T11:30:00+05:30,"Vivek Vihar, Delhi - DPCC",28.6687803,77.3130982
5753,15544,no2,NO₂ mass,µg/m³,18.1,2018-05-10T14:30:00+05:30,"Vivek Vihar, Delhi - DPCC",28.6687803,77.3130982
5753,15615,pm10,PM10,µg/m³,416.0,2018-05-12T11:30:00+05:30,"Vivek Vihar, Delhi - DPCC",28.6687803,77.3130982
5754,15620,pm25,PM2.5,µg/m³,152.0,2018-05-12T12:00:00+05:30,"Jawaharlal Nehru Stadium, Delhi - DPCC",28.5828503,77.2321778
5754,15550,o3,O₃ mass,µg/m³,200.5,2018-05-10T15:00:00+05:30,"Jawaharlal Nehru Stadium, Delhi - DPCC",28.5828503,77.2321778
5754,15548,co,CO mass,µg/m³,900.0,2018-05-10T15:00:00+05:30,"Jawaharlal Nehru Stadium, Delhi - DPCC",28.5828503,77.2321778
5754,15619,pm10,PM10,µg/m³,378.0,2018-05-12T12:00:00+05:30,"Jawaharlal Nehru Stadium, Delhi - DPCC",28.5828503,77.2321778
5754,15547,no2,NO₂ mass,µg/m³,23.4,2018-05-10T15:00:00+05:30,"Jawaharlal Nehru Stadium, Delhi - DPCC",28.5828503,77.2321778
5754,15552,so2,SO₂ mass,µg/m³,17.6,2018-05-10T15:00:00+05:30,"Jawaharlal Nehru Stadium, Delhi - DPCC",28.5828503,77.2321778
5755,15586,o3,O₃ mass,µg/m³,104.1,2018-05-12T10:00:00+05:30,"Major Dhyan Chand National Stadium, Delhi - DPCC",28.6125027,77.2351994
5755,15574,no2,NO₂ mass,µg/m³,87.4,2018-05-12T10:00:00+05:30,"Major Dhyan Chand National Stadium, Delhi - DPCC",28.6125027,77.2351994
5755,15551,pm25,PM2.5,µg/m³,62.0,2018-05-10T15:00:00+05:30,"Major Dhyan Chand National Stadium, Delhi - DPCC",28.6125027,77.2351994
5755,15582,co,CO mass,µg/m³,1800.0,2018-05-12T10:00:00+05:30,"Major Dhyan Chand National Stadium, Delhi - DPCC",28.6125027,77.2351994
5755,15549,pm10,PM10,µg/m³,155.0,2018-05-10T15:00:00+05:30,"Major Dhyan Chand National Stadium, Delhi - DPCC",28.6125027,77.2351994
5755,15587,so2,SO₂ mass,µg/m³,0.1,2018-05-12T10:00:00+05:30,"Major Dhyan Chand National Stadium, Delhi - DPCC",28.6125027,77.2351994
5759,15567,no2,NO₂ mass,µg/m³,6.2,2018-05-11T17:15:00+05:30,"Sonia Vihar, Delhi - DPCC",28.67795,77.29868
5759,15566,o3,O₃ mass,µg/m³,198.7,2018-05-11T17:15:00+05:30,"Sonia Vihar, Delhi - DPCC",28.67795,77.29868
5759,15595,pm25,PM2.5,µg/m³,151.0,2018-05-12T10:30:00+05:30,"Sonia Vihar, Delhi - DPCC",28.67795,77.29868
5759,15565,so2,SO₂ mass,µg/m³,0.1,2018-05-11T17:15:00+05:30,"Sonia Vihar, Delhi - DPCC",28.67795,77.29868
5759,15568,co,CO mass,µg/m³,0.6,2018-05-11T17:15:00+05:30,"Sonia Vihar, Delhi - DPCC",28.67795,77.29868
5759,15591,pm10,PM10,µg/m³,353.0,2018-05-12T10:30:00+05:30,"Sonia Vihar, Delhi - DPCC",28.67795,77.29868
5761,15578,co,CO mass,µg/m³,2300.0,2018-05-12T10:00:00+05:30,"Jahangirpuri, Delhi - DPCC",28.7258373,77.1605631
5761,15577,o3,O₃ mass,µg/m³,64.2,2018-05-12T10:00:00+05:30,"Jahangirpuri, Delhi - DPCC",28.7258373,77.1605631
5761,15621,pm25,PM2.5,µg/m³,127.0,2018-05-12T12:00:00+05:30,"Jahangirpuri, Delhi - DPCC",28.7258373,77.1605631
5761,15585,so2,SO₂ mass,µg/m³,34.4,2018-05-12T10:00:00+05:30,"Jahangirpuri, Delhi - DPCC",28.7258373,77.1605631
5761,15623,pm10,PM10,µg/m³,307.0,2018-05-12T12:00:00+05:30,"Jahangirpuri, Delhi - DPCC",28.7258373,77.1605631
5761,15572,no2,NO₂ mass,µg/m³,111.2,2018-05-12T10:00:00+05:30,"Jahangirpuri, Delhi - DPCC",28.7258373,77.1605631
5762,15605,pm10,PM10,µg/m³,366.0,2018-05-12T11:30:00+05:30,"Ashok Vihar, Delhi - DPCC",28.6957202,77.1812947
5762,15573,o3,O₃ mass,µg/m³,131.7,2018-05-12T10:00:00+05:30,"Ashok Vihar, Delhi - DPCC",28.6957202,77.1812947
5762,15583,co,CO mass,µg/m³,900.0,2018-05-12T10:00:00+05:30,"Ashok Vihar, Delhi - DPCC",28.6957202,77.1812947
5762,15602,pm25,PM2.5,µg/m³,139.0,2018-05-12T11:30:00+05:30,"Ashok Vihar, Delhi - DPCC",28.6957202,77.1812947
5762,15579,so2,SO₂ mass,µg/m³,2.3,2018-05-12T10:00:00+05:30,"Ashok Vihar, Delhi - DPCC",28.6957202,77.1812947
5762,15584,no2,NO₂ mass,µg/m³,36.9,2018-05-12T10:00:00+05:30,"Ashok Vihar, Delhi - DPCC",28.6957202,77.1812947
5763,15609,pm10,PM10,µg/m³,407.0,2018-05-12T11:30:00+05:30,"Narela, Delhi - DPCC",28.8446874,77.0332666
5763,15581,no2,NO₂ mass,µg/m³,38.2,2018-05-12T10:00:00+05:30,"Narela, Delhi - DPCC",28.8446874,77.0332666
5763,15576,co,CO mass,µg/m³,1400.0,2018-05-12T10:00:00+05:30,"Narela, Delhi - DPCC",28.8446874,77.0332666
5763,15606,pm25,PM2.5,µg/m³,173.0,2018-05-12T11:30:00+05:30,"Narela, Delhi - DPCC",28.8446874,77.0332666
5763,15575,so2,SO₂ mass,µg/m³,15.5,2018-05-12T10:00:00+05:30,"Narela, Delhi - DPCC",28.8446874,77.0332666
5763,15580,o3,O₃ mass,µg/m³,105.1,2018-05-12T10:00:00+05:30,"Narela, Delhi - DPCC",28.8446874,77.0332666
5765,15627,pm25,PM2.5,µg/m³,74.0,2018-05-13T15:30:00+05:30,"Okhla Phase-2, Delhi - DPCC",28.5366411,77.2664587
5765,15624,pm10,PM10,µg/m³,233.0,2018-05-13T15:30:00+05:30,"Okhla Phase-2, Delhi - DPCC",28.5366411,77.2664587
5765,15599,so2,SO₂ mass,µg/m³,17.4,2018-05-12T11:00:00+05:30,"Okhla Phase-2, Delhi - DPCC",28.5366411,77.2664587
5765,15597,co,CO mass,µg/m³,1400.0,2018-05-12T11:00:00+05:30,"Okhla Phase-2, Delhi - DPCC",28.5366411,77.2664587
5765,15598,o3,O₃ mass,µg/m³,62.2,2018-05-12T11:00:00+05:30,"Okhla Phase-2, Delhi - DPCC",28.5366411,77.2664587
5765,15600,no2,NO₂ mass,µg/m³,14.1,2018-05-12T11:00:00+05:30,"Okhla Phase-2, Delhi - DPCC",28.5366411,77.2664587
5766,15616,o3,O₃ mass,µg/m³,214.0,2018-05-12T11:30:00+05:30,"Nehru Nagar, Delhi - DPCC",28.5639543,77.2587868
5766,15607,co,CO mass,µg/m³,1200.0,2018-05-12T11:30:00+05:30,"Nehru Nagar, Delhi - DPCC",28.5639543,77.2587868
5766,15608,so2,SO₂ mass,µg/m³,18.8,2018-05-12T11:30:00+05:30,"Nehru Nagar, Delhi - DPCC",28.5639543,77.2587868
5766,15612,no2,NO₂ mass,µg/m³,19.1,2018-05-12T11:30:00+05:30,"Nehru Nagar, Delhi - DPCC",28.5639543,77.2587868
5766,15625,pm10,PM10,µg/m³,180.0,2018-05-13T15:30:00+05:30,"Nehru Nagar, Delhi - DPCC",28.5639543,77.2587868
5766,15626,pm25,PM2.5,µg/m³,75.0,2018-05-13T15:30:00+05:30,"Nehru Nagar, Delhi - DPCC",28.5639543,77.2587868
6314,17562,no2,NO₂ mass,µg/m³,13.54,2018-11-16T09:30:00+05:30,"NISE Gwal Pahari, Gurugram - IMD",28.4228859,76.8496963
6314,17561,co,CO mass,µg/m³,950.0,2018-11-16T09:30:00+05:30,"NISE Gwal Pahari, Gurugram - IMD",28.4228859,76.8496963
6314,17563,pm10,PM10,µg/m³,218.82,2018-11-16T09:30:00+05:30,"NISE Gwal Pahari, Gurugram - IMD",28.4228859,76.8496963
6314,17564,pm25,PM2.5,µg/m³,169.69,2018-11-16T09:30:00+05:30,"NISE Gwal Pahari, Gurugram - IMD",28.4228859,76.8496963
6356,12235316,co,CO,ppb,1.13,2026-04-29T06:00:00+05:30,"Pusa, Delhi - DPCC",28.639645,77.146262
6356,12235320,pm10,PM10,µg/m³,385.0,2026-04-29T06:00:00+05:30,"Pusa, Delhi - DPCC",28.639645,77.146262
6356,12235318,no2,NO₂,ppb,18.0,2026-04-29T06:00:00+05:30,"Pusa, Delhi - DPCC",28.639645,77.146262
6356,12235323,so2,SO₂,ppb,12.8,2026-04-29T06:00:00+05:30,"Pusa, Delhi - DPCC",28.639645,77.146262
6356,12235321,pm25,PM2.5,µg/m³,35.0,2026-04-29T06:00:00+05:30,"Pusa, Delhi - DPCC",28.639645,77.146262
6356,12235322,relativehumidity,RH,%,81.0,2026-04-29T06:00:00+05:30,"Pusa, Delhi - DPCC",28.639645,77.146262
6356,12235324,temperature,Temperature (C),c,27.6,2026-04-29T06:00:00+05:30,"Pusa, Delhi - DPCC",28.639645,77.146262
6356,12235319,o3,O₃ mass,µg/m³,21.5,2026-04-29T06:00:00+05:30,"Pusa, Delhi - DPCC",28.639645,77.146262
6356,12235317,no,NO,ppb,4.4,2026-04-29T06:00:00+05:30,"Pusa, Delhi - DPCC",28.639645,77.146262
6356,14340817,nox,NOX,ppb,0.0132,2026-04-29T06:00:00+05:30,"Pusa, Delhi - DPCC",28.639645,77.146262
6356,14340818,wind_direction,Wind direction,deg,190.0,2026-04-29T06:00:00+05:30,"Pusa, Delhi - DPCC",28.639645,77.146262
6356,14340819,wind_speed,Wind speed,m/s,6.3,2026-04-29T06:00:00+05:30,"Pusa, Delhi - DPCC",28.639645,77.146262
6357,17778,so2,SO₂ mass,µg/m³,21.7,2022-10-16T19:45:00+05:30,"Punjabi Bagh, Delhi - DPCC",28.674045000000003,77.13102300000001
6357,17769,co,CO mass,µg/m³,1500.0,2022-10-16T19:45:00+05:30,"Punjabi Bagh, Delhi - DPCC",28.674045000000003,77.13102300000001
6357,17771,no2,NO₂ mass,µg/m³,54.7,2022-10-16T19:45:00+05:30,"Punjabi Bagh, Delhi - DPCC",28.674045000000003,77.13102300000001
6357,17768,pm10,PM10,µg/m³,219.0,2022-10-16T19:45:00+05:30,"Punjabi Bagh, Delhi - DPCC",28.674045000000003,77.13102300000001
6357,17776,pm25,PM2.5,µg/m³,68.0,2022-10-16T19:45:00+05:30,"Punjabi Bagh, Delhi - DPCC",28.674045000000003,77.13102300000001
6357,17774,o3,O₃ mass,µg/m³,6.3,2022-10-16T19:45:00+05:30,"Punjabi Bagh, Delhi - DPCC",28.674045000000003,77.13102300000001
6358,17772,co,CO mass,µg/m³,0.0,2022-10-31T06:15:00+05:30,"Mandir Marg, New Delhi - DPCC",28.636429,77.201067
6358,17777,o3,O₃ mass,µg/m³,5.7,2022-10-31T06:15:00+05:30,"Mandir Marg, New Delhi - DPCC",28.636429,77.201067
6358,17770,pm25,PM2.5,µg/m³,60.0,2022-10-31T06:15:00+05:30,"Mandir Marg, New Delhi - DPCC",28.636429,77.201067
6358,17773,no2,NO₂ mass,µg/m³,34.8,2022-10-31T06:15:00+05:30,"Mandir Marg, New Delhi - DPCC",28.636429,77.201067
6358,17775,pm10,PM10,µg/m³,268.0,2022-10-31T06:15:00+05:30,"Mandir Marg, New Delhi - DPCC",28.636429,77.201067
6358,17779,so2,SO₂ mass,µg/m³,17.8,2022-10-31T06:15:00+05:30,"Mandir Marg, New Delhi - DPCC",28.636429,77.201067
6358,12234774,no,NO,ppb,0.0,2026-04-29T06:00:00+05:30,"Mandir Marg, New Delhi - DPCC",28.636429,77.201067
6358,12234777,pm10,PM10,µg/m³,219.0,2026-04-29T06:00:00+05:30,"Mandir Marg, New Delhi - DPCC",28.636429,77.201067
6358,12234779,relativehumidity,RH,%,68.0,2026-04-29T06:00:00+05:30,"Mandir Marg, New Delhi - DPCC",28.636429,77.201067
6358,12234776,o3,O₃ mass,µg/m³,102.1,2026-04-29T06:00:00+05:30,"Mandir Marg, New Delhi - DPCC",28.636429,77.201067
6358,12234780,so2,SO₂,ppb,36.7,2026-04-29T06:00:00+05:30,"Mandir Marg, New Delhi - DPCC",28.636429,77.201067
6358,12234778,pm25,PM2.5,µg/m³,72.0,2026-04-29T06:00:00+05:30,"Mandir Marg, New Delhi - DPCC",28.636429,77.201067
6358,12234775,no2,NO₂,ppb,0.0,2026-04-29T06:00:00+05:30,"Mandir Marg, New Delhi - DPCC",28.636429,77.201067
6358,12234781,temperature,Temperature (C),c,28.6,2026-04-29T06:00:00+05:30,"Mandir Marg, New Delhi - DPCC",28.636429,77.201067
6358,12234773,co,CO,ppb,0.14,2026-04-29T06:00:00+05:30,"Mandir Marg, New Delhi - DPCC",28.636429,77.201067
6358,14340712,wind_speed,Wind speed,m/s,2.6,2026-04-29T06:00:00+05:30,"Mandir Marg, New Delhi - DPCC",28.636429,77.201067
6358,14340711,wind_direction,Wind direction,deg,216.0,2026-04-29T06:00:00+05:30,"Mandir Marg, New Delhi - DPCC",28.636429,77.201067
6358,14340710,nox,NOX,ppb,0.0,2026-04-29T06:00:00+05:30,"Mandir Marg, New Delhi - DPCC",28.636429,77.201067
6359,36050,pm10,PM10,µg/m³,309.7,2022-10-31T07:15:00+05:30,"IHBAS, Dilshad Garden,New Delhi - CPCB",28.6811736,77.3025234
6359,17792,co,CO mass,µg/m³,1750.0,2022-10-31T07:15:00+05:30,"IHBAS, Dilshad Garden,New Delhi - CPCB",28.6811736,77.3025234
6359,17790,pm25,PM2.5,µg/m³,99.5,2022-10-31T07:15:00+05:30,"IHBAS, Dilshad Garden,New Delhi - CPCB",28.6811736,77.3025234
6359,17791,no2,NO₂ mass,µg/m³,11.42,2022-10-31T07:15:00+05:30,"IHBAS, Dilshad Garden,New Delhi - CPCB",28.6811736,77.3025234
6359,17780,so2,SO₂ mass,µg/m³,5.9,2022-10-31T07:15:00+05:30,"IHBAS, Dilshad Garden,New Delhi - CPCB",28.6811736,77.3025234
6359,36058,o3,O₃ mass,µg/m³,1.5,2022-10-31T07:15:00+05:30,"IHBAS, Dilshad Garden,New Delhi - CPCB",28.6811736,77.3025234
6359,12234733,o3,O₃ mass,µg/m³,8.62,2026-04-29T05:45:00+05:30,"IHBAS, Dilshad Garden,New Delhi - CPCB",28.6811736,77.3025234
6359,12234730,co,CO,ppb,2.424,2026-04-29T05:45:00+05:30,"IHBAS, Dilshad Garden,New Delhi - CPCB",28.6811736,77.3025234
6359,12234732,no2,NO₂,ppb,32.23,2026-04-29T05:45:00+05:30,"IHBAS, Dilshad Garden,New Delhi - CPCB",28.6811736,77.3025234
6359,12234736,relativehumidity,RH,%,43.27,2026-04-29T05:45:00+05:30,"IHBAS, Dilshad Garden,New Delhi - CPCB",28.6811736,77.3025234
6359,12234738,temperature,Temperature (C),c,26.21,2026-04-29T05:45:00+05:30,"IHBAS, Dilshad Garden,New Delhi - CPCB",28.6811736,77.3025234
6359,12234731,no,NO,ppb,21.64,2026-04-29T05:45:00+05:30,"IHBAS, Dilshad Garden,New Delhi - CPCB",28.6811736,77.3025234
6359,12234735,pm25,PM2.5,µg/m³,79.5,2026-04-29T05:45:00+05:30,"IHBAS, Dilshad Garden,New Delhi - CPCB",28.6811736,77.3025234
6359,12234734,pm10,PM10,µg/m³,155.9,2026-04-29T05:45:00+05:30,"IHBAS, Dilshad Garden,New Delhi - CPCB",28.6811736,77.3025234
6359,12234737,so2,SO₂,ppb,18.45,2026-04-29T05:45:00+05:30,"IHBAS, Dilshad Garden,New Delhi - CPCB",28.6811736,77.3025234
6359,14341689,nox,NOX,ppb,0.03474,2026-04-29T05:45:00+05:30,"IHBAS, Dilshad Garden,New Delhi - CPCB",28.6811736,77.3025234
6359,14341693,wind_speed,Wind speed,m/s,1.29,2026-04-29T05:45:00+05:30,"IHBAS, Dilshad Garden,New Delhi - CPCB",28.6811736,77.3025234
6359,14341691,wind_direction,Wind direction,deg,29.28,2026-04-29T05:45:00+05:30,"IHBAS, Dilshad Garden,New Delhi - CPCB",28.6811736,77.3025234
6929,19899,so2,SO₂ mass,µg/m³,0.1,2022-10-31T06:00:00+05:30,"Major Dhyan Chand National Stadium, Delhi - DPCC",28.611281,77.237738
6929,19901,co,CO mass,µg/m³,300.0,2022-10-31T05:30:00+05:30,"Major Dhyan Chand National Stadium, Delhi - DPCC",28.611281,77.237738
6929,19900,pm25,PM2.5,µg/m³,228.0,2022-10-31T06:15:00+05:30,"Major Dhyan Chand National Stadium, Delhi - DPCC",28.611281,77.237738
6929,19902,no2,NO₂ mass,µg/m³,46.4,2022-10-31T06:15:00+05:30,"Major Dhyan Chand National Stadium, Delhi - DPCC",28.611281,77.237738
6929,19904,pm10,PM10,µg/m³,327.0,2022-10-31T06:15:00+05:30,"Major Dhyan Chand National Stadium, Delhi - DPCC",28.611281,77.237738
6929,19903,o3,O₃ mass,µg/m³,1.0,2022-10-31T06:15:00+05:30,"Major Dhyan Chand National Stadium, Delhi - DPCC",28.611281,77.237738
6929,12235047,pm25,PM2.5,µg/m³,24.0,2026-04-29T06:00:00+05:30,"Major Dhyan Chand National Stadium, Delhi - DPCC",28.611281,77.237738
6929,12235043,no,NO,ppb,5.5,2026-04-29T06:00:00+05:30,"Major Dhyan Chand National Stadium, Delhi - DPCC",28.611281,77.237738
6929,12235048,relativehumidity,RH,%,61.0,2026-04-29T06:00:00+05:30,"Major Dhyan Chand National Stadium, Delhi - DPCC",28.611281,77.237738
6929,12235042,co,CO,ppb,0.78,2026-04-29T06:00:00+05:30,"Major Dhyan Chand National Stadium, Delhi - DPCC",28.611281,77.237738
6929,12235050,temperature,Temperature (C),c,26.5,2026-04-29T06:00:00+05:30,"Major Dhyan Chand National Stadium, Delhi - DPCC",28.611281,77.237738
6929,12235049,so2,SO₂,ppb,21.7,2026-04-29T06:00:00+05:30,"Major Dhyan Chand National Stadium, Delhi - DPCC",28.611281,77.237738
6929,12235045,o3,O₃ mass,µg/m³,29.1,2026-04-29T06:00:00+05:30,"Major Dhyan Chand National Stadium, Delhi - DPCC",28.611281,77.237738
6929,12235046,pm10,PM10,µg/m³,199.0,2026-04-29T06:00:00+05:30,"Major Dhyan Chand National Stadium, Delhi - DPCC",28.611281,77.237738
6929,12235044,no2,NO₂,ppb,18.9,2026-04-29T06:00:00+05:30,"Major Dhyan Chand National Stadium, Delhi - DPCC",28.611281,77.237738
6929,14340752,nox,NOX,ppb,0.0146,2026-04-29T06:00:00+05:30,"Major Dhyan Chand National Stadium, Delhi - DPCC",28.611281,77.237738
6929,14340753,wind_direction,Wind direction,deg,213.0,2026-04-29T06:00:00+05:30,"Major Dhyan Chand National Stadium, Delhi - DPCC",28.611281,77.237738
6929,14340754,wind_speed,Wind speed,m/s,1.5,2026-04-29T06:00:00+05:30,"Major Dhyan Chand National Stadium, Delhi - DPCC",28.611281,77.237738
6931,20147,so2,SO₂ mass,µg/m³,1.7,2022-10-31T06:15:00+05:30,"Dwarka-Sector 8, Delhi - DPCC ",28.5710274,77.0719006
6931,19954,o3,O₃ mass,µg/m³,3.1,2022-10-31T06:15:00+05:30,"Dwarka-Sector 8, Delhi - DPCC ",28.5710274,77.0719006
6931,19956,no2,NO₂ mass,µg/m³,44.9,2022-10-31T06:15:00+05:30,"Dwarka-Sector 8, Delhi - DPCC ",28.5710274,77.0719006
6931,19957,co,CO mass,µg/m³,1400.0,2022-10-31T06:15:00+05:30,"Dwarka-Sector 8, Delhi - DPCC ",28.5710274,77.0719006
6931,20150,pm25,PM2.5,µg/m³,246.0,2022-10-31T06:15:00+05:30,"Dwarka-Sector 8, Delhi - DPCC ",28.5710274,77.0719006
6931,19906,pm10,PM10,µg/m³,423.0,2022-10-31T06:15:00+05:30,"Dwarka-Sector 8, Delhi - DPCC ",28.5710274,77.0719006
6931,12235022,so2,SO₂,ppb,8.1,2026-04-29T06:00:00+05:30,"Dwarka-Sector 8, Delhi - DPCC ",28.5710274,77.0719006
6931,12235015,co,CO,ppb,0.37,2026-04-29T06:00:00+05:30,"Dwarka-Sector 8, Delhi - DPCC ",28.5710274,77.0719006
6931,12235017,no2,NO₂,ppb,12.1,2026-04-29T06:00:00+05:30,"Dwarka-Sector 8, Delhi - DPCC ",28.5710274,77.0719006
6931,12235023,temperature,Temperature (C),c,27.0,2026-04-29T06:00:00+05:30,"Dwarka-Sector 8, Delhi - DPCC ",28.5710274,77.0719006
6931,12235021,relativehumidity,RH,%,67.0,2026-04-29T06:00:00+05:30,"Dwarka-Sector 8, Delhi - DPCC ",28.5710274,77.0719006
6931,12235016,no,NO,ppb,4.5,2026-04-29T06:00:00+05:30,"Dwarka-Sector 8, Delhi - DPCC ",28.5710274,77.0719006
6931,12235019,pm10,PM10,µg/m³,360.0,2026-04-29T06:00:00+05:30,"Dwarka-Sector 8, Delhi - DPCC ",28.5710274,77.0719006
6931,12235018,o3,O₃ mass,µg/m³,24.8,2026-04-29T06:00:00+05:30,"Dwarka-Sector 8, Delhi - DPCC ",28.5710274,77.0719006
6931,12235020,pm25,PM2.5,µg/m³,51.0,2026-04-29T06:00:00+05:30,"Dwarka-Sector 8, Delhi - DPCC ",28.5710274,77.0719006
6931,14340743,nox,NOX,ppb,0.0101,2026-04-29T06:00:00+05:30,"Dwarka-Sector 8, Delhi - DPCC ",28.5710274,77.0719006
6931,14340744,wind_direction,Wind direction,deg,265.0,2026-04-29T06:00:00+05:30,"Dwarka-Sector 8, Delhi - DPCC ",28.5710274,77.0719006
6931,14340745,wind_speed,Wind speed,m/s,1.6,2026-04-29T06:00:00+05:30,"Dwarka-Sector 8, Delhi - DPCC ",28.5710274,77.0719006
6932,19935,pm25,PM2.5,µg/m³,290.0,2022-10-31T06:00:00+05:30,"Alipur, Delhi - DPCC",28.815329,77.15301
6932,19948,no2,NO₂ mass,µg/m³,45.1,2022-10-31T06:00:00+05:30,"Alipur, Delhi - DPCC",28.815329,77.15301
6932,19939,co,CO mass,µg/m³,1300.0,2022-10-31T06:00:00+05:30,"Alipur, Delhi - DPCC",28.815329,77.15301
6932,19912,so2,SO₂ mass,µg/m³,16.5,2022-10-25T10:15:00+05:30,"Alipur, Delhi - DPCC",28.815329,77.15301
6932,19950,o3,O₃ mass,µg/m³,7.5,2022-10-31T06:00:00+05:30,"Alipur, Delhi - DPCC",28.815329,77.15301
6932,19936,pm10,PM10,µg/m³,449.0,2022-10-31T06:00:00+05:30,"Alipur, Delhi - DPCC",28.815329,77.15301
6932,12235699,relativehumidity,RH,%,69.0,2026-04-29T06:00:00+05:30,"Alipur, Delhi - DPCC",28.815329,77.15301
6932,12235698,pm25,PM2.5,µg/m³,27.0,2026-04-29T06:00:00+05:30,"Alipur, Delhi - DPCC",28.815329,77.15301
6932,12235697,pm10,PM10,µg/m³,86.0,2026-04-29T06:00:00+05:30,"Alipur, Delhi - DPCC",28.815329,77.15301
6932,12235693,co,CO,ppb,0.61,2026-04-29T06:00:00+05:30,"Alipur, Delhi - DPCC",28.815329,77.15301
6932,12235694,no,NO,ppb,3.1,2026-04-29T06:00:00+05:30,"Alipur, Delhi - DPCC",28.815329,77.15301
6932,12235700,so2,SO₂,ppb,7.9,2026-04-29T06:00:00+05:30,"Alipur, Delhi - DPCC",28.815329,77.15301
6932,12235695,no2,NO₂,ppb,21.5,2026-04-29T06:00:00+05:30,"Alipur, Delhi - DPCC",28.815329,77.15301
6932,12235701,temperature,Temperature (C),c,25.0,2026-04-29T06:00:00+05:30,"Alipur, Delhi - DPCC",28.815329,77.15301
6932,12235696,o3,O₃ mass,µg/m³,13.8,2026-04-29T06:00:00+05:30,"Alipur, Delhi - DPCC",28.815329,77.15301
6932,14340882,nox,NOX,ppb,0.013900000000000001,2026-04-29T06:00:00+05:30,"Alipur, Delhi - DPCC",28.815329,77.15301
6932,14340884,wind_speed,Wind speed,m/s,6.5,2026-04-29T06:00:00+05:30,"Alipur, Delhi - DPCC",28.815329,77.15301
6932,14340883,wind_direction,Wind direction,deg,133.0,2026-04-29T06:00:00+05:30,"Alipur, Delhi - DPCC",28.815329,77.15301
6934,19925,co,CO mass,µg/m³,2200.0,2022-10-31T06:00:00+05:30,"Dr. Karni Singh Shooting Range, Delhi - DPCC",28.498571,77.26484
6934,19919,pm25,PM2.5,µg/m³,245.0,2022-10-31T06:00:00+05:30,"Dr. Karni Singh Shooting Range, Delhi - DPCC",28.498571,77.26484
6934,19943,so2,SO₂ mass,µg/m³,9.9,2022-10-31T06:00:00+05:30,"Dr. Karni Singh Shooting Range, Delhi - DPCC",28.498571,77.26484
6934,19941,pm10,PM10,µg/m³,354.0,2022-10-31T06:00:00+05:30,"Dr. Karni Singh Shooting Range, Delhi - DPCC",28.498571,77.26484
6934,19930,no2,NO₂ mass,µg/m³,97.5,2022-10-31T06:00:00+05:30,"Dr. Karni Singh Shooting Range, Delhi - DPCC",28.498571,77.26484
6934,19917,o3,O₃ mass,µg/m³,2.1,2022-10-31T06:00:00+05:30,"Dr. Karni Singh Shooting Range, Delhi - DPCC",28.498571,77.26484
6934,12235007,no,NO,ppb,1.7,2026-04-29T06:00:00+05:30,"Dr. Karni Singh Shooting Range, Delhi - DPCC",28.498571,77.26484
6934,12235006,co,CO,ppb,0.47,2026-04-29T06:00:00+05:30,"Dr. Karni Singh Shooting Range, Delhi - DPCC",28.498571,77.26484
6934,12235010,pm10,PM10,µg/m³,420.0,2026-04-29T06:00:00+05:30,"Dr. Karni Singh Shooting Range, Delhi - DPCC",28.498571,77.26484
6934,12235011,pm25,PM2.5,µg/m³,46.0,2026-04-29T06:00:00+05:30,"Dr. Karni Singh Shooting Range, Delhi - DPCC",28.498571,77.26484
6934,12235014,temperature,Temperature (C),c,28.4,2026-04-29T06:00:00+05:30,"Dr. Karni Singh Shooting Range, Delhi - DPCC",28.498571,77.26484
6934,12235009,o3,O₃ mass,µg/m³,38.4,2026-04-29T06:00:00+05:30,"Dr. Karni Singh Shooting Range, Delhi - DPCC",28.498571,77.26484
6934,12235012,relativehumidity,RH,%,50.0,2026-04-29T06:00:00+05:30,"Dr. Karni Singh Shooting Range, Delhi - DPCC",28.498571,77.26484
6934,12235008,no2,NO₂,ppb,17.0,2026-04-29T06:00:00+05:30,"Dr. Karni Singh Shooting Range, Delhi - DPCC",28.498571,77.26484
6934,12235013,so2,SO₂,ppb,12.3,2026-04-29T06:00:00+05:30,"Dr. Karni Singh Shooting Range, Delhi - DPCC",28.498571,77.26484
6934,14340742,wind_speed,Wind speed,m/s,5.1,2026-04-29T06:00:00+05:30,"Dr. Karni Singh Shooting Range, Delhi - DPCC",28.498571,77.26484
6934,14340741,wind_direction,Wind direction,deg,54.0,2026-04-29T06:00:00+05:30,"Dr. Karni Singh Shooting Range, Delhi - DPCC",28.498571,77.26484
6934,14340740,nox,NOX,ppb,0.0104,2026-04-29T06:00:00+05:30,"Dr. Karni Singh Shooting Range, Delhi - DPCC",28.498571,77.26484
6936,19940,co,CO mass,µg/m³,790.0,2022-10-31T07:00:00+05:30,"Arya Nagar, Bahadurgarh - HSPCB",28.6701,76.9254
6936,19931,o3,O₃ mass,µg/m³,39.26,2022-10-31T07:00:00+05:30,"Arya Nagar, Bahadurgarh - HSPCB",28.6701,76.9254
6936,19922,pm25,PM2.5,µg/m³,238.8,2022-10-31T07:00:00+05:30,"Arya Nagar, Bahadurgarh - HSPCB",28.6701,76.9254
6936,19945,no2,NO₂ mass,µg/m³,19.85,2022-10-31T07:00:00+05:30,"Arya Nagar, Bahadurgarh - HSPCB",28.6701,76.9254
6936,19928,pm10,PM10,µg/m³,343.6,2022-10-31T07:00:00+05:30,"Arya Nagar, Bahadurgarh - HSPCB",28.6701,76.9254
6936,19920,so2,SO₂ mass,µg/m³,8.59,2022-10-31T07:00:00+05:30,"Arya Nagar, Bahadurgarh - HSPCB",28.6701,76.9254
6936,14233902,o3,O₃ mass,µg/m³,21.39,2026-04-28T16:30:00+05:30,"Arya Nagar, Bahadurgarh - HSPCB",28.6701,76.9254
6936,14233904,pm25,PM2.5,µg/m³,74.6,2026-04-28T16:30:00+05:30,"Arya Nagar, Bahadurgarh - HSPCB",28.6701,76.9254
6936,14341895,wind_speed,Wind speed,m/s,2.16,2026-04-28T16:30:00+05:30,"Arya Nagar, Bahadurgarh - HSPCB",28.6701,76.9254
6936,14341893,nox,NOX,ppb,0.020120000000000002,2026-04-28T16:30:00+05:30,"Arya Nagar, Bahadurgarh - HSPCB",28.6701,76.9254
6936,14233900,no,NO,ppb,9.68,2026-04-28T16:30:00+05:30,"Arya Nagar, Bahadurgarh - HSPCB",28.6701,76.9254
6936,14233907,temperature,Temperature (C),c,34.43,2026-04-28T16:30:00+05:30,"Arya Nagar, Bahadurgarh - HSPCB",28.6701,76.9254
6936,14233906,so2,SO₂,ppb,4.12,2026-04-28T16:30:00+05:30,"Arya Nagar, Bahadurgarh - HSPCB",28.6701,76.9254
6936,14233899,co,CO,ppb,0.86,2026-04-28T16:30:00+05:30,"Arya Nagar, Bahadurgarh - HSPCB",28.6701,76.9254
6936,14341894,wind_direction,Wind direction,deg,195.22,2026-04-28T16:30:00+05:30,"Arya Nagar, Bahadurgarh - HSPCB",28.6701,76.9254
6936,14233901,no2,NO₂,ppb,11.03,2026-04-28T16:30:00+05:30,"Arya Nagar, Bahadurgarh - HSPCB",28.6701,76.9254
6936,14233905,relativehumidity,RH,%,66.6,2026-04-28T16:30:00+05:30,"Arya Nagar, Bahadurgarh - HSPCB",28.6701,76.9254
6936,14233903,pm10,PM10,µg/m³,139.6,2026-04-28T16:30:00+05:30,"Arya Nagar, Bahadurgarh - HSPCB",28.6701,76.9254
6938,19932,o3,O₃ mass,µg/m³,9.0,2022-10-31T06:15:00+05:30,"Vivek Vihar, Delhi - DPCC",28.672342,77.31526
6938,19938,so2,SO₂ mass,µg/m³,0.6,2022-10-31T06:15:00+05:30,"Vivek Vihar, Delhi - DPCC",28.672342,77.31526
6938,19933,pm10,PM10,µg/m³,421.0,2022-10-31T06:15:00+05:30,"Vivek Vihar, Delhi - DPCC",28.672342,77.31526
6938,19934,pm25,PM2.5,µg/m³,287.0,2022-10-31T06:15:00+05:30,"Vivek Vihar, Delhi - DPCC",28.672342,77.31526
6938,19926,co,CO mass,µg/m³,3200.0,2022-10-31T06:15:00+05:30,"Vivek Vihar, Delhi - DPCC",28.672342,77.31526
6938,19929,no2,NO₂ mass,µg/m³,21.1,2022-10-31T06:15:00+05:30,"Vivek Vihar, Delhi - DPCC",28.672342,77.31526
6938,12235128,co,CO,ppb,0.84,2026-04-29T05:45:00+05:30,"Vivek Vihar, Delhi - DPCC",28.672342,77.31526
6938,12235135,so2,SO₂,ppb,13.2,2026-04-29T05:45:00+05:30,"Vivek Vihar, Delhi - DPCC",28.672342,77.31526
6938,12235129,no,NO,ppb,1.1,2026-04-29T05:45:00+05:30,"Vivek Vihar, Delhi - DPCC",28.672342,77.31526
6938,12235134,relativehumidity,RH,%,46.0,2026-04-29T05:45:00+05:30,"Vivek Vihar, Delhi - DPCC",28.672342,77.31526
6938,12235133,pm25,PM2.5,µg/m³,33.0,2026-04-29T05:45:00+05:30,"Vivek Vihar, Delhi - DPCC",28.672342,77.31526
6938,12235132,pm10,PM10,µg/m³,156.0,2026-04-29T05:45:00+05:30,"Vivek Vihar, Delhi - DPCC",28.672342,77.31526
6938,12235131,o3,O₃ mass,µg/m³,26.9,2026-04-29T05:45:00+05:30,"Vivek Vihar, Delhi - DPCC",28.672342,77.31526
6938,12235136,temperature,Temperature (C),c,29.4,2026-04-29T05:45:00+05:30,"Vivek Vihar, Delhi - DPCC",28.672342,77.31526
6938,12235130,no2,NO₂,ppb,24.3,2026-04-29T05:45:00+05:30,"Vivek Vihar, Delhi - DPCC",28.672342,77.31526
6938,14340779,wind_direction,Wind direction,deg,342.0,2026-04-29T05:45:00+05:30,"Vivek Vihar, Delhi - DPCC",28.672342,77.31526
6938,14340780,wind_speed,Wind speed,m/s,5.6,2026-04-29T05:45:00+05:30,"Vivek Vihar, Delhi - DPCC",28.672342,77.31526
6938,14340778,nox,NOX,ppb,0.013800000000000002,2026-04-29T05:45:00+05:30,"Vivek Vihar, Delhi - DPCC",28.672342,77.31526
6957,20018,o3,O₃ mass,µg/m³,9.1,2022-10-31T06:15:00+05:30,"Jawaharlal Nehru Stadium, Delhi - DPCC",28.58028,77.233829
6957,20019,pm10,PM10,µg/m³,317.0,2022-10-31T06:15:00+05:30,"Jawaharlal Nehru Stadium, Delhi - DPCC",28.58028,77.233829
6957,20021,so2,SO₂ mass,µg/m³,12.4,2022-10-31T06:15:00+05:30,"Jawaharlal Nehru Stadium, Delhi - DPCC",28.58028,77.233829
6957,20020,pm25,PM2.5,µg/m³,235.0,2022-10-31T06:15:00+05:30,"Jawaharlal Nehru Stadium, Delhi - DPCC",28.58028,77.233829
6957,20015,co,CO mass,µg/m³,700.0,2022-10-31T06:15:00+05:30,"Jawaharlal Nehru Stadium, Delhi - DPCC",28.58028,77.233829
6957,20017,no2,NO₂ mass,µg/m³,88.7,2022-10-31T06:15:00+05:30,"Jawaharlal Nehru Stadium, Delhi - DPCC",28.58028,77.233829
6957,12235034,no,NO,ppb,5.7,2026-04-29T06:00:00+05:30,"Jawaharlal Nehru Stadium, Delhi - DPCC",28.58028,77.233829
6957,12235037,pm10,PM10,µg/m³,282.0,2026-04-29T06:00:00+05:30,"Jawaharlal Nehru Stadium, Delhi - DPCC",28.58028,77.233829
6957,12235035,no2,NO₂,ppb,27.6,2026-04-29T06:00:00+05:30,"Jawaharlal Nehru Stadium, Delhi - DPCC",28.58028,77.233829
6957,12235041,temperature,Temperature (C),c,26.7,2026-04-29T06:00:00+05:30,"Jawaharlal Nehru Stadium, Delhi - DPCC",28.58028,77.233829
6957,12235038,pm25,PM2.5,µg/m³,97.0,2026-04-29T06:00:00+05:30,"Jawaharlal Nehru Stadium, Delhi - DPCC",28.58028,77.233829
6957,12235039,relativehumidity,RH,%,61.0,2026-04-29T06:00:00+05:30,"Jawaharlal Nehru Stadium, Delhi - DPCC",28.58028,77.233829
6957,12235040,so2,SO₂,ppb,10.3,2026-04-29T06:00:00+05:30,"Jawaharlal Nehru Stadium, Delhi - DPCC",28.58028,77.233829
6957,12235036,o3,O₃ mass,µg/m³,30.9,2026-04-29T06:00:00+05:30,"Jawaharlal Nehru Stadium, Delhi - DPCC",28.58028,77.233829
6957,12235033,co,CO,ppb,0.72,2026-04-29T06:00:00+05:30,"Jawaharlal Nehru Stadium, Delhi - DPCC",28.58028,77.233829
6957,14340750,wind_direction,Wind direction,deg,329.0,2026-04-29T06:00:00+05:30,"Jawaharlal Nehru Stadium, Delhi - DPCC",28.58028,77.233829
6957,14340749,nox,NOX,ppb,0.0193,2026-04-29T06:00:00+05:30,"Jawaharlal Nehru Stadium, Delhi - DPCC",28.58028,77.233829
6957,14340751,wind_speed,Wind speed,m/s,7.9,2026-04-29T06:00:00+05:30,"Jawaharlal Nehru Stadium, Delhi - DPCC",28.58028,77.233829
6960,20039,o3,O₃ mass,µg/m³,1.4,2022-10-31T06:15:00+05:30,"Patparganj, Delhi - DPCC",28.623748,77.287205
6960,20049,pm25,PM2.5,µg/m³,256.0,2022-10-31T06:15:00+05:30,"Patparganj, Delhi - DPCC",28.623748,77.287205
6960,20055,so2,SO₂ mass,µg/m³,3.6,2022-10-31T06:15:00+05:30,"Patparganj, Delhi - DPCC",28.623748,77.287205
6960,20037,no2,NO₂ mass,µg/m³,89.7,2022-10-31T06:15:00+05:30,"Patparganj, Delhi - DPCC",28.623748,77.287205
6960,20040,pm10,PM10,µg/m³,354.0,2022-10-31T06:15:00+05:30,"Patparganj, Delhi - DPCC",28.623748,77.287205
6960,12235104,temperature,Temperature (C),c,28.2,2026-04-29T06:00:00+05:30,"Patparganj, Delhi - DPCC",28.623748,77.287205
6960,12235098,no2,NO₂,ppb,19.1,2026-04-29T06:00:00+05:30,"Patparganj, Delhi - DPCC",28.623748,77.287205
6960,12235096,co,CO,ppb,0.63,2026-04-29T06:00:00+05:30,"Patparganj, Delhi - DPCC",28.623748,77.287205
6960,12235100,pm10,PM10,µg/m³,285.0,2026-04-29T06:00:00+05:30,"Patparganj, Delhi - DPCC",28.623748,77.287205
6960,12235097,no,NO,ppb,6.0,2026-04-29T06:00:00+05:30,"Patparganj, Delhi - DPCC",28.623748,77.287205
6960,12235099,o3,O₃ mass,µg/m³,29.4,2026-04-29T06:00:00+05:30,"Patparganj, Delhi - DPCC",28.623748,77.287205
6960,12235103,so2,SO₂,ppb,6.7,2026-04-29T06:00:00+05:30,"Patparganj, Delhi - DPCC",28.623748,77.287205
6960,12235102,relativehumidity,RH,%,54.0,2026-04-29T06:00:00+05:30,"Patparganj, Delhi - DPCC",28.623748,77.287205
6960,12235101,pm25,PM2.5,µg/m³,39.0,2026-04-29T06:00:00+05:30,"Patparganj, Delhi - DPCC",28.623748,77.287205
6960,14340769,nox,NOX,ppb,0.015099999999999999,2026-04-29T06:00:00+05:30,"Patparganj, Delhi - DPCC",28.623748,77.287205
6960,14340770,wind_direction,Wind direction,deg,205.0,2026-04-29T06:00:00+05:30,"Patparganj, Delhi - DPCC",28.623748,77.287205
6960,14340771,wind_speed,Wind speed,m/s,7.1,2026-04-29T06:00:00+05:30,"Patparganj, Delhi - DPCC",28.623748,77.287205
6980,20187,no2,NO₂ mass,µg/m³,121.1,2022-10-16T21:30:00+05:30,"Sector-1, Noida - UPPCB",28.589247,77.321962
6980,20207,so2,SO₂ mass,µg/m³,21.1,2022-10-16T21:30:00+05:30,"Sector-1, Noida - UPPCB",28.589247,77.321962
6980,20186,co,CO mass,µg/m³,8970.0,2022-10-13T11:45:00+05:30,"Sector-1, Noida - UPPCB",28.589247,77.321962
6980,20189,o3,O₃ mass,µg/m³,7.92,2022-10-16T21:30:00+05:30,"Sector-1, Noida - UPPCB",28.589247,77.321962
6980,20206,pm25,PM2.5,µg/m³,91.0,2022-10-16T21:30:00+05:30,"Sector-1, Noida - UPPCB",28.589247,77.321962
6980,20194,pm10,PM10,µg/m³,374.0,2022-10-16T21:30:00+05:30,"Sector-1, Noida - UPPCB",28.589247,77.321962
6980,12235948,no2,NO₂,ppb,0.1,2026-04-29T05:45:00+05:30,"Sector-1, Noida - UPPCB",28.589247,77.321962
6980,12235946,co,CO,ppb,0.55,2026-04-29T05:45:00+05:30,"Sector-1, Noida - UPPCB",28.589247,77.321962
6980,12235949,o3,O₃ mass,µg/m³,46.26,2026-04-29T05:45:00+05:30,"Sector-1, Noida - UPPCB",28.589247,77.321962
6980,12235950,pm10,PM10,µg/m³,469.0,2026-04-29T05:45:00+05:30,"Sector-1, Noida - UPPCB",28.589247,77.321962
6980,12235954,temperature,Temperature (C),c,32.0,2026-04-29T05:45:00+05:30,"Sector-1, Noida - UPPCB",28.589247,77.321962
6980,12235952,relativehumidity,RH,%,38.0,2026-04-29T05:45:00+05:30,"Sector-1, Noida - UPPCB",28.589247,77.321962
6980,12235953,so2,SO₂,ppb,6.7,2026-04-29T05:45:00+05:30,"Sector-1, Noida - UPPCB",28.589247,77.321962
6980,12235947,no,NO,ppb,13.0,2026-04-29T05:45:00+05:30,"Sector-1, Noida - UPPCB",28.589247,77.321962
6980,12235951,pm25,PM2.5,µg/m³,37.0,2026-04-29T05:45:00+05:30,"Sector-1, Noida - UPPCB",28.589247,77.321962
6980,14340948,wind_direction,Wind direction,deg,259.0,2026-04-29T05:45:00+05:30,"Sector-1, Noida - UPPCB",28.589247,77.321962
6980,14340947,nox,NOX,ppb,0.0106,2026-04-29T05:45:00+05:30,"Sector-1, Noida - UPPCB",28.589247,77.321962
6980,14340949,wind_speed,Wind speed,m/s,3.9,2026-04-29T05:45:00+05:30,"Sector-1, Noida - UPPCB",28.589247,77.321962
7005,20292,o3,O₃ mass,µg/m³,112.4,2022-10-26T13:15:00+05:30,"Loni, Ghaziabad - UPPCB",28.757294,77.278792
7005,20295,co,CO mass,µg/m³,2220.0,2022-10-31T07:30:00+05:30,"Loni, Ghaziabad - UPPCB",28.757294,77.278792
7005,20294,no2,NO₂ mass,µg/m³,70.0,2022-10-31T07:30:00+05:30,"Loni, Ghaziabad - UPPCB",28.757294,77.278792
7005,20290,pm25,PM2.5,µg/m³,224.0,2022-10-31T07:30:00+05:30,"Loni, Ghaziabad - UPPCB",28.757294,77.278792
7005,20293,pm10,PM10,µg/m³,311.0,2022-10-31T07:30:00+05:30,"Loni, Ghaziabad - UPPCB",28.757294,77.278792
7005,20291,so2,SO₂ mass,µg/m³,4.1,2022-10-31T07:30:00+05:30,"Loni, Ghaziabad - UPPCB",28.757294,77.278792
7005,12264381,o3,O₃ mass,µg/m³,50.8,2026-04-29T02:15:00+05:30,"Loni, Ghaziabad - UPPCB",28.757294,77.278792
7005,12235785,no2,NO₂,ppb,11.6,2026-04-29T02:15:00+05:30,"Loni, Ghaziabad - UPPCB",28.757294,77.278792
7005,12235788,relativehumidity,RH,%,48.0,2026-04-29T02:15:00+05:30,"Loni, Ghaziabad - UPPCB",28.757294,77.278792
7005,12235787,pm25,PM2.5,µg/m³,206.0,2026-04-29T02:15:00+05:30,"Loni, Ghaziabad - UPPCB",28.757294,77.278792
7005,12235784,no,NO,ppb,2.1,2026-04-29T02:15:00+05:30,"Loni, Ghaziabad - UPPCB",28.757294,77.278792
7005,12235790,temperature,Temperature (C),c,29.6,2026-04-29T02:15:00+05:30,"Loni, Ghaziabad - UPPCB",28.757294,77.278792
7005,12235786,pm10,PM10,µg/m³,523.0,2026-04-29T02:15:00+05:30,"Loni, Ghaziabad - UPPCB",28.757294,77.278792
7005,12235783,co,CO,ppb,0.95,2026-04-29T02:15:00+05:30,"Loni, Ghaziabad - UPPCB",28.757294,77.278792
7005,12235789,so2,SO₂,ppb,24.2,2026-04-29T02:15:00+05:30,"Loni, Ghaziabad - UPPCB",28.757294,77.278792
7005,14340911,wind_direction,Wind direction,deg,227.0,2026-04-29T02:15:00+05:30,"Loni, Ghaziabad - UPPCB",28.757294,77.278792
7005,14340912,wind_speed,Wind speed,m/s,6.1,2026-04-29T02:15:00+05:30,"Loni, Ghaziabad - UPPCB",28.757294,77.278792
7005,14340910,nox,NOX,ppb,0.0067,2026-04-29T02:15:00+05:30,"Loni, Ghaziabad - UPPCB",28.757294,77.278792
