location_id,sensor_id,parameter,display_name,unit,value,datetime,station,latitude,longitude
13,13866,no2,NO₂ mass,µg/m³,40.3,2018-02-22T09:30:00+05:30,"Delhi Technological University, Delhi - CPCB",28.744,77.12
13,13864,pm25,PM2.5,µg/m³,451.0,2018-02-22T09:30:00+05:30,"Delhi Technological University, Delhi - CPCB",28.744,77.12
17,399,pm10,PM10,µg/m³,339.0,2018-02-22T02:45:00+05:30,"R K Puram, Delhi - DPCC",28.563262,77.186937
17,35,pm25,PM2.5,µg/m³,201.0,2018-02-22T02:45:00+05:30,"R K Puram, Delhi - DPCC",28.563262,77.186937
17,394,o3,O₃ mass,µg/m³,95.33,2018-01-24T15:00:00+05:30,"R K Puram, Delhi - DPCC",28.563262,77.186937
17,36,no2,NO₂ mass,µg/m³,77.6,2018-02-22T02:15:00+05:30,"R K Puram, Delhi - DPCC",28.563262,77.186937
17,392,co,CO mass,µg/m³,4300.0,2018-02-22T02:15:00+05:30,"R K Puram, Delhi - DPCC",28.563262,77.186937
17,393,so2,SO₂ mass,µg/m³,56.9,2018-02-22T02:45:00+05:30,"R K Puram, Delhi - DPCC",28.563262,77.186937
17,12234783,no,NO,ppb,1.4,2026-05-19T12:30:00+05:30,"R K Puram, Delhi - DPCC",28.563262,77.186937
17,12234785,o3,O₃ mass,µg/m³,44.0,2026-05-19T12:30:00+05:30,"R K Puram, Delhi - DPCC",28.563262,77.186937
17,12234787,pm25,PM2.5,µg/m³,74.0,2026-05-19T12:30:00+05:30,"R K Puram, Delhi - DPCC",28.563262,77.186937
17,12234784,no2,NO₂,ppb,12.2,2026-05-19T12:30:00+05:30,"R K Puram, Delhi - DPCC",28.563262,77.186937
17,12234786,pm10,PM10,µg/m³,316.0,2026-05-19T12:30:00+05:30,"R K Puram, Delhi - DPCC",28.563262,77.186937
17,12234782,co,CO,ppb,0.16,2026-05-19T12:30:00+05:30,"R K Puram, Delhi - DPCC",28.563262,77.186937
17,12234790,temperature,Temperature (C),c,41.0,2026-05-19T12:30:00+05:30,"R K Puram, Delhi - DPCC",28.563262,77.186937
17,12234788,relativehumidity,RH,%,19.0,2026-05-19T12:30:00+05:30,"R K Puram, Delhi - DPCC",28.563262,77.186937
17,12234789,so2,SO₂,ppb,11.6,2026-05-19T12:30:00+05:30,"R K Puram, Delhi - DPCC",28.563262,77.186937
17,14340715,wind_speed,Wind speed,m/s,1.4,2026-05-19T12:30:00+05:30,"R K Puram, Delhi - DPCC",28.563262,77.186937
17,14340714,wind_direction,Wind direction,deg,199.0,2026-05-19T12:30:00+05:30,"R K Puram, Delhi - DPCC",28.563262,77.186937
17,14340713,nox,NOX,ppb,0.0076,2026-05-19T12:30:00+05:30,"R K Puram, Delhi - DPCC",28.563262,77.186937
50,395,pm10,PM10,µg/m³,322.0,2018-02-22T02:45:00+05:30,"Punjabi Bagh, Delhi - DPCC",28.674045,77.131023
50,71,o3,O₃ mass,µg/m³,39.07,2018-01-24T15:00:00+05:30,"Punjabi Bagh, Delhi - DPCC",28.674045,77.131023
50,397,so2,SO₂ mass,µg/m³,3.1,2018-02-22T02:45:00+05:30,"Punjabi Bagh, Delhi - DPCC",28.674045,77.131023
50,400,no2,NO₂ mass,µg/m³,92.9,2018-02-22T02:15:00+05:30,"Punjabi Bagh, Delhi - DPCC",28.674045,77.131023
50,398,co,CO mass,µg/m³,9.2,2018-02-22T02:45:00+05:30,"Punjabi Bagh, Delhi - DPCC",28.674045,77.131023
50,396,pm25,PM2.5,µg/m³,183.0,2018-02-22T02:45:00+05:30,"Punjabi Bagh, Delhi - DPCC",28.674045,77.131023
50,12234792,no,NO,ppb,2.2,2026-05-19T14:00:00+05:30,"Punjabi Bagh, Delhi - DPCC",28.674045,77.131023
50,12234798,so2,SO₂,ppb,15.1,2026-05-19T14:00:00+05:30,"Punjabi Bagh, Delhi - DPCC",28.674045,77.131023
50,12234796,pm25,PM2.5,µg/m³,50.0,2026-05-19T14:00:00+05:30,"Punjabi Bagh, Delhi - DPCC",28.674045,77.131023
50,12234794,o3,O₃ mass,µg/m³,54.1,2026-05-19T14:00:00+05:30,"Punjabi Bagh, Delhi - DPCC",28.674045,77.131023
50,12234797,relativehumidity,RH,%,25.0,2026-05-19T14:00:00+05:30,"Punjabi Bagh, Delhi - DPCC",28.674045,77.131023
50,12234793,no2,NO₂,ppb,13.9,2026-05-19T14:00:00+05:30,"Punjabi Bagh, Delhi - DPCC",28.674045,77.131023
50,12234791,co,CO,ppb,0.9,2026-05-19T14:00:00+05:30,"Punjabi Bagh, Delhi - DPCC",28.674045,77.131023
50,12234795,pm10,PM10,µg/m³,130.0,2026-05-19T14:00:00+05:30,"Punjabi Bagh, Delhi - DPCC",28.674045,77.131023
50,12234799,temperature,Temperature (C),c,36.7,2026-05-19T14:00:00+05:30,"Punjabi Bagh, Delhi - DPCC",28.674045,77.131023
50,14340717,wind_direction,Wind direction,deg,215.0,2026-05-19T14:00:00+05:30,"Punjabi Bagh, Delhi - DPCC",28.674045,77.131023
50,14340716,nox,NOX,ppb,0.0092,2026-05-19T14:00:00+05:30,"Punjabi Bagh, Delhi - DPCC",28.674045,77.131023
50,14340718,wind_speed,Wind speed,m/s,1.7,2026-05-19T14:00:00+05:30,"Punjabi Bagh, Delhi - DPCC",28.674045,77.131023
103,13861,pm25,PM2.5,µg/m³,224.0,2018-02-22T09:15:00+05:30,"Income Tax Office, Delhi - CPCB",28.623499999999996,77.2494
103,13863,no2,NO₂ mass,µg/m³,132.1,2018-02-22T09:15:00+05:30,"Income Tax Office, Delhi - CPCB",28.623499999999996,77.2494
103,13862,pm10,PM10,µg/m³,312.0,2018-02-22T09:15:00+05:30,"Income Tax Office, Delhi - CPCB",28.623499999999996,77.2494
235,380,o3,O₃ mass,µg/m³,17.87,2018-01-23T10:00:00+05:30,"Anand Vihar, New Delhi - DPCC",28.646835,77.316032
235,383,so2,SO₂ mass,µg/m³,8.9,2018-02-22T02:45:00+05:30,"Anand Vihar, New Delhi - DPCC",28.646835,77.316032
235,382,no2,NO₂ mass,µg/m³,469.0,2018-02-22T02:45:00+05:30,"Anand Vihar, New Delhi - DPCC",28.646835,77.316032
235,381,pm10,PM10,µg/m³,670.0,2018-02-22T02:45:00+05:30,"Anand Vihar, New Delhi - DPCC",28.646835,77.316032
235,385,co,CO mass,µg/m³,1300.0,2016-03-21T20:15:00+05:30,"Anand Vihar, New Delhi - DPCC",28.646835,77.316032
235,384,pm25,PM2.5,µg/m³,271.0,2018-02-22T02:45:00+05:30,"Anand Vihar, New Delhi - DPCC",28.646835,77.316032
235,12235608,o3,O₃ mass,µg/m³,26.5,2026-05-19T13:45:00+05:30,"Anand Vihar, New Delhi - DPCC",28.646835,77.316032
235,12235606,no,NO,ppb,5.9,2026-05-19T13:45:00+05:30,"Anand Vihar, New Delhi - DPCC",28.646835,77.316032
235,12235613,temperature,Temperature (C),c,42.5,2026-05-19T13:45:00+05:30,"Anand Vihar, New Delhi - DPCC",28.646835,77.316032
235,12235611,relativehumidity,RH,%,29.0,2026-05-19T13:45:00+05:30,"Anand Vihar, New Delhi - DPCC",28.646835,77.316032
235,12235605,co,CO,ppb,0.71,2026-05-19T13:45:00+05:30,"Anand Vihar, New Delhi - DPCC",28.646835,77.316032
235,12235612,so2,SO₂,ppb,25.9,2026-05-19T13:45:00+05:30,"Anand Vihar, New Delhi - DPCC",28.646835,77.316032
235,12235607,no2,NO₂,ppb,27.8,2026-05-19T13:45:00+05:30,"Anand Vihar, New Delhi - DPCC",28.646835,77.316032
235,12235609,pm10,PM10,µg/m³,222.0,2026-05-19T13:45:00+05:30,"Anand Vihar, New Delhi - DPCC",28.646835,77.316032
235,12235610,pm25,PM2.5,µg/m³,42.0,2026-05-19T13:45:00+05:30,"Anand Vihar, New Delhi - DPCC",28.646835,77.316032
235,14340866,wind_speed,Wind speed,m/s,0.6,2026-05-19T13:45:00+05:30,"Anand Vihar, New Delhi - DPCC",28.646835,77.316032
235,14340864,nox,NOX,ppb,0.019600000000000003,2026-05-19T13:45:00+05:30,"Anand Vihar, New Delhi - DPCC",28.646835,77.316032
235,14340865,wind_direction,Wind direction,deg,168.0,2026-05-19T13:45:00+05:30,"Anand Vihar, New Delhi - DPCC",28.646835,77.316032
236,386,co,CO mass,µg/m³,7500.0,2018-02-21T22:15:00+05:30,"Mandir Marg, Delhi - DPCC",28.6341,77.2005
236,391,pm10,PM10,µg/m³,208.0,2018-02-22T02:45:00+05:30,"Mandir Marg, Delhi - DPCC",28.6341,77.2005
236,387,so2,SO₂ mass,µg/m³,14.47,2018-02-22T02:45:00+05:30,"Mandir Marg, Delhi - DPCC",28.6341,77.2005
236,388,pm25,PM2.5,µg/m³,149.0,2018-02-22T02:45:00+05:30,"Mandir Marg, Delhi - DPCC",28.6341,77.2005
236,389,no2,NO₂ mass,µg/m³,63.1,2018-02-22T02:15:00+05:30,"Mandir Marg, Delhi - DPCC",28.6341,77.2005
236,390,o3,O₃ mass,µg/m³,2.6,2018-02-22T02:45:00+05:30,"Mandir Marg, Delhi - DPCC",28.6341,77.2005
301,5405,so2,SO₂ mass,µg/m³,25.92,2022-10-31T07:30:00+05:30,"Vikas Sadan, Gurugram - HSPCB",28.4501238,77.0263051
301,5409,no2,NO₂ mass,µg/m³,15.34,2022-10-31T07:30:00+05:30,"Vikas Sadan, Gurugram - HSPCB",28.4501238,77.0263051
301,1166,pm25,PM2.5,µg/m³,152.9,2022-10-31T07:30:00+05:30,"Vikas Sadan, Gurugram - HSPCB",28.4501238,77.0263051
301,5396,co,CO mass,µg/m³,210.0,2022-10-31T07:30:00+05:30,"Vikas Sadan, Gurugram - HSPCB",28.4501238,77.0263051
301,506,pm10,PM10,µg/m³,132.94,2016-04-12T15:00:00+05:30,"Vikas Sadan, Gurugram - HSPCB",28.4501238,77.0263051
301,5407,o3,O₃ mass,µg/m³,3.74,2022-10-31T07:30:00+05:30,"Vikas Sadan, Gurugram - HSPCB",28.4501238,77.0263051
301,14258983,co,CO,ppb,2.22,2026-05-19T13:45:00+05:30,"Vikas Sadan, Gurugram - HSPCB",28.4501238,77.0263051
301,14258990,so2,SO₂,ppb,4.0,2026-05-19T13:45:00+05:30,"Vikas Sadan, Gurugram - HSPCB",28.4501238,77.0263051
301,14258985,no2,NO₂,ppb,19.64,2026-05-19T13:45:00+05:30,"Vikas Sadan, Gurugram - HSPCB",28.4501238,77.0263051
301,14258988,pm25,PM2.5,µg/m³,56.1,2026-05-19T13:45:00+05:30,"Vikas Sadan, Gurugram - HSPCB",28.4501238,77.0263051
301,14258984,no,NO,ppb,44.07,2026-05-19T13:45:00+05:30,"Vikas Sadan, Gurugram - HSPCB",28.4501238,77.0263051
301,14341790,wind_direction,Wind direction,deg,284.71,2026-05-19T13:45:00+05:30,"Vikas Sadan, Gurugram - HSPCB",28.4501238,77.0263051
301,14258986,o3,O₃ mass,µg/m³,24.94,2026-05-19T13:45:00+05:30,"Vikas Sadan, Gurugram - HSPCB",28.4501238,77.0263051
301,14341789,nox,NOX,ppb,0.05017,2026-05-19T13:45:00+05:30,"Vikas Sadan, Gurugram - HSPCB",28.4501238,77.0263051
301,14258987,pm10,PM10,µg/m³,106.7,2026-05-19T13:45:00+05:30,"Vikas Sadan, Gurugram - HSPCB",28.4501238,77.0263051
301,14341791,wind_speed,Wind speed,m/s,1.32,2026-05-19T13:45:00+05:30,"Vikas Sadan, Gurugram - HSPCB",28.4501238,77.0263051
301,14258991,temperature,Temperature (C),c,-52.01,2026-05-19T13:45:00+05:30,"Vikas Sadan, Gurugram - HSPCB",28.4501238,77.0263051
301,14258989,relativehumidity,RH,%,-25.01,2026-05-18T23:30:00+05:30,"Vikas Sadan, Gurugram - HSPCB",28.4501238,77.0263051
431,13868,pm25,PM2.5,µg/m³,11.9,2018-02-22T08:15:00+05:30,"IHBAS, Delhi - CPCB",28.6821,77.305
431,13867,so2,SO₂ mass,µg/m³,6.42,2018-02-22T08:15:00+05:30,"IHBAS, Delhi - CPCB",28.6821,77.305
431,5361,co,CO mass,µg/m³,2500.0,2018-02-22T08:15:00+05:30,"IHBAS, Delhi - CPCB",28.6821,77.305
431,747,no2,NO₂ mass,µg/m³,121.43,2018-02-22T08:15:00+05:30,"IHBAS, Delhi - CPCB",28.6821,77.305
2503,13860,pm25,PM2.5,µg/m³,219.4,2018-02-22T08:15:00+05:30,"Shadipur, Delhi - CPCB",28.651699999999998,77.1581
2503,4852,no2,NO₂ mass,µg/m³,12.43,2018-02-22T08:15:00+05:30,"Shadipur, Delhi - CPCB",28.651699999999998,77.1581
2503,4851,co,CO mass,µg/m³,2140.0,2018-02-22T08:15:00+05:30,"Shadipur, Delhi - CPCB",28.651699999999998,77.1581
2503,13859,so2,SO₂ mass,µg/m³,13.43,2018-02-22T08:15:00+05:30,"Shadipur, Delhi - CPCB",28.651699999999998,77.1581
2503,4853,o3,O₃ mass,µg/m³,3.17,2018-02-22T08:15:00+05:30,"Shadipur, Delhi - CPCB",28.651699999999998,77.1581
2587,5341,no2,NO₂ mass,µg/m³,69.44,2018-02-22T08:55:00+05:30,"Sector16A, Faridabad - HSPCB",28.410122219999998,77.313775
2587,13900,pm25,PM2.5,µg/m³,232.0,2018-02-22T08:55:00+05:30,"Sector16A, Faridabad - HSPCB",28.410122219999998,77.313775
2587,40563,pm10,PM10,µg/m³,110.0,2018-01-29T19:20:00+05:30,"Sector16A, Faridabad - HSPCB",28.410122219999998,77.313775
2587,5347,co,CO mass,µg/m³,10.0,2018-02-07T12:05:00+05:30,"Sector16A, Faridabad - HSPCB",28.410122219999998,77.313775
2587,13901,so2,SO₂ mass,µg/m³,8.19,2018-02-22T08:55:00+05:30,"Sector16A, Faridabad - HSPCB",28.410122219999998,77.313775
2587,5344,o3,O₃ mass,µg/m³,5.46,2018-02-22T08:55:00+05:30,"Sector16A, Faridabad - HSPCB",28.410122219999998,77.313775
2597,5398,pm25,PM2.5,µg/m³,241.0,2016-11-09T22:00:00+05:30,US Diplomatic Post: New Delhi,28.598096,77.189066
5404,14086,co,CO mass,µg/m³,1860.0,2018-02-21T12:30:00+05:30,"Pusa, Delhi - IMD",28.639645,77.146263
5404,14087,pm25,PM2.5,µg/m³,109.48,2018-02-21T12:30:00+05:30,"Pusa, Delhi - IMD",28.639645,77.146263
5404,14084,no2,NO₂ mass,µg/m³,27.68,2018-02-21T12:30:00+05:30,"Pusa, Delhi - IMD",28.639645,77.146263
5404,14085,pm10,PM10,µg/m³,168.88,2018-02-21T12:30:00+05:30,"Pusa, Delhi - IMD",28.639645,77.146263
5404,12234697,co,CO,ppb,0.41,2026-05-19T13:30:00+05:30,"Pusa, Delhi - IMD",28.639645,77.146263
5404,12234701,pm10,PM10,µg/m³,205.8,2026-05-19T13:30:00+05:30,"Pusa, Delhi - IMD",28.639645,77.146263
5404,12234702,pm25,PM2.5,µg/m³,76.4,2026-05-19T13:30:00+05:30,"Pusa, Delhi - IMD",28.639645,77.146263
5404,12234699,no2,NO₂,ppb,20.52,2026-05-19T13:30:00+05:30,"Pusa, Delhi - IMD",28.639645,77.146263
5404,12234698,no,NO,ppb,8.56,2026-05-19T13:30:00+05:30,"Pusa, Delhi - IMD",28.639645,77.146263
5404,12234700,o3,O₃ mass,µg/m³,72.63,2026-05-19T13:30:00+05:30,"Pusa, Delhi - IMD",28.639645,77.146263
5404,14340700,nox,NOX,ppb,0.01788,2026-05-19T13:30:00+05:30,"Pusa, Delhi - IMD",28.639645,77.146263
5509,14519,co,CO mass,µg/m³,400.0,2022-10-31T06:00:00+05:30,"Anand Vihar, Delhi - DPCC",28.647622000000002,77.315809
5509,14522,pm10,PM10,µg/m³,504.0,2022-10-31T06:00:00+05:30,"Anand Vihar, Delhi - DPCC",28.647622000000002,77.315809
5509,14523,no2,NO₂ mass,µg/m³,29.7,2022-10-31T06:00:00+05:30,"Anand Vihar, Delhi - DPCC",28.647622000000002,77.315809
5509,14524,o3,O₃ mass,µg/m³,7.6,2022-10-31T06:00:00+05:30,"Anand Vihar, Delhi - DPCC",28.647622000000002,77.315809
5509,14520,so2,SO₂ mass,µg/m³,14.5,2022-10-31T05:45:00+05:30,"Anand Vihar, Delhi - DPCC",28.647622000000002,77.315809
5509,14521,pm25,PM2.5,µg/m³,283.0,2022-10-31T06:00:00+05:30,"Anand Vihar, Delhi - DPCC",28.647622000000002,77.315809
5540,14614,o3,O₃ mass,µg/m³,131.9,2018-05-12T11:30:00+05:30,"Punjabi Bagh, Delhi - DPCC",28.6670856,77.1301247
5540,14615,so2,SO₂ mass,µg/m³,54.4,2018-05-12T11:30:00+05:30,"Punjabi Bagh, Delhi - DPCC",28.6670856,77.1301247
5540,14617,pm25,PM2.5,µg/m³,74.0,2018-05-13T17:00:00+05:30,"Punjabi Bagh, Delhi - DPCC",28.6670856,77.1301247
5540,14616,co,CO mass,µg/m³,2000.0,2018-05-12T11:30:00+05:30,"Punjabi Bagh, Delhi - DPCC",28.6670856,77.1301247
5540,14612,pm10,PM10,µg/m³,431.0,2018-05-13T17:00:00+05:30,"Punjabi Bagh, Delhi - DPCC",28.6670856,77.1301247
5540,14613,no2,NO₂ mass,µg/m³,169.3,2018-05-12T11:30:00+05:30,"Punjabi Bagh, Delhi - DPCC",28.6670856,77.1301247
5541,14936,no2,NO₂ mass,µg/m³,0.0,2022-08-03T16:30:00+05:30,"Burari Crossing, New Delhi - IMD",28.7256504,77.2011573
5541,14931,o3,O₃ mass,µg/m³,36.63,2022-08-03T16:30:00+05:30,"Burari Crossing, New Delhi - IMD",28.7256504,77.2011573
5541,14912,pm25,PM2.5,µg/m³,0.0,2022-08-03T16:30:00+05:30,"Burari Crossing, New Delhi - IMD",28.7256504,77.2011573
5541,14620,pm10,PM10,µg/m³,0.0,2022-08-03T16:30:00+05:30,"Burari Crossing, New Delhi - IMD",28.7256504,77.2011573
5541,14958,co,CO mass,µg/m³,1230.0,2022-08-03T16:30:00+05:30,"Burari Crossing, New Delhi - IMD",28.7256504,77.2011573
5541,12234683,pm10,PM10,µg/m³,156.59,2026-05-19T13:30:00+05:30,"Burari Crossing, New Delhi - IMD",28.7256504,77.2011573
5541,12234680,no,NO,ppb,5.82,2026-05-19T13:30:00+05:30,"Burari Crossing, New Delhi - IMD",28.7256504,77.2011573
5541,12234681,no2,NO₂,ppb,12.89,2026-05-19T13:30:00+05:30,"Burari Crossing, New Delhi - IMD",28.7256504,77.2011573
5541,12234684,pm25,PM2.5,µg/m³,27.92,2026-05-19T13:30:00+05:30,"Burari Crossing, New Delhi - IMD",28.7256504,77.2011573
5541,12234679,co,CO,ppb,0.4,2026-05-19T13:30:00+05:30,"Burari Crossing, New Delhi - IMD",28.7256504,77.2011573
5541,12234682,o3,O₃ mass,µg/m³,57.38,2026-05-19T13:30:00+05:30,"Burari Crossing, New Delhi - IMD",28.7256504,77.2011573
5541,14340697,nox,NOX,ppb,0.01158,2026-05-19T13:30:00+05:30,"Burari Crossing, New Delhi - IMD",28.7256504,77.2011573
5570,14717,pm25,PM2.5,µg/m³,31.91,2022-10-16T19:15:00+05:30,"Aya Nagar, New Delhi - IMD",28.474261,77.131606
5570,15027,pm10,PM10,µg/m³,327.31,2022-10-31T06:45:00+05:30,"Aya Nagar, New Delhi - IMD",28.474261,77.131606
5570,15010,co,CO mass,µg/m³,1740.0,2022-10-31T06:45:00+05:30,"Aya Nagar, New Delhi - IMD",28.474261,77.131606
5570,15021,o3,O₃ mass,µg/m³,29.5,2022-10-31T06:45:00+05:30,"Aya Nagar, New Delhi - IMD",28.474261,77.131606
5570,15019,no2,NO₂ mass,µg/m³,25.02,2022-10-31T06:45:00+05:30,"Aya Nagar, New Delhi - IMD",28.474261,77.131606
5570,12234707,pm10,PM10,µg/m³,187.32,2026-05-19T13:30:00+05:30,"Aya Nagar, New Delhi - IMD",28.474261,77.131606
5570,12234708,pm25,PM2.5,µg/m³,36.27,2026-05-19T13:30:00+05:30,"Aya Nagar, New Delhi - IMD",28.474261,77.131606
5570,12234704,no,NO,ppb,19.05,2026-05-19T13:30:00+05:30,"Aya Nagar, New Delhi - IMD",28.474261,77.131606
5570,12234705,no2,NO₂,ppb,11.03,2026-05-19T13:30:00+05:30,"Aya Nagar, New Delhi - IMD",28.474261,77.131606
5570,12234706,o3,O₃ mass,µg/m³,56.11,2026-05-19T13:30:00+05:30,"Aya Nagar, New Delhi - IMD",28.474261,77.131606
5570,12234703,co,CO,ppb,0.93,2026-05-19T13:30:00+05:30,"Aya Nagar, New Delhi - IMD",28.474261,77.131606
5570,14340701,nox,NOX,ppb,0.02135,2026-05-19T13:30:00+05:30,"Aya Nagar, New Delhi - IMD",28.474261,77.131606
5581,14853,pm25,PM2.5,µg/m³,0.0,2018-05-14T07:30:00+05:30,"Pusa, New Delhi - IMD",28.610304,77.0996943
5581,15266,co,CO mass,µg/m³,500.0,2018-05-14T07:30:00+05:30,"Pusa, New Delhi - IMD",28.610304,77.0996943
5581,14800,no2,NO₂ mass,µg/m³,29.87,2018-05-14T07:30:00+05:30,"Pusa, New Delhi - IMD",28.610304,77.0996943
5581,14752,o3,O₃ mass,µg/m³,17.53,2018-05-14T07:30:00+05:30,"Pusa, New Delhi - IMD",28.610304,77.0996943
5581,14851,pm10,PM10,µg/m³,50.37,2018-05-14T07:30:00+05:30,"Pusa, New Delhi - IMD",28.610304,77.0996943
5586,12234768,pm10,PM10,µg/m³,227.7,2026-05-19T13:45:00+05:30,"Sirifort, Delhi - CPCB",28.5504249,77.2159377
5586,12234766,no2,NO₂,ppb,0.0,2026-05-19T13:45:00+05:30,"Sirifort, Delhi - CPCB",28.5504249,77.2159377
5586,12234767,o3,O₃ mass,µg/m³,41.73,2026-05-19T13:45:00+05:30,"Sirifort, Delhi - CPCB",28.5504249,77.2159377
5586,12234772,temperature,Temperature (C),c,45.95,2026-05-19T13:45:00+05:30,"Sirifort, Delhi - CPCB",28.5504249,77.2159377
5586,12234769,pm25,PM2.5,µg/m³,34.0,2026-05-19T13:45:00+05:30,"Sirifort, Delhi - CPCB",28.5504249,77.2159377
5586,12234764,co,CO,ppb,0.2,2026-05-19T13:45:00+05:30,"Sirifort, Delhi - CPCB",28.5504249,77.2159377
5586,12234771,so2,SO₂,ppb,25.27,2026-05-19T13:45:00+05:30,"Sirifort, Delhi - CPCB",28.5504249,77.2159377
5586,12234765,no,NO,ppb,0.0,2026-05-19T13:45:00+05:30,"Sirifort, Delhi - CPCB",28.5504249,77.2159377
5586,12234770,relativehumidity,RH,%,21.76,2026-05-19T13:45:00+05:30,"Sirifort, Delhi - CPCB",28.5504249,77.2159377
5586,14340709,wind_speed,Wind speed,m/s,1.88,2026-05-19T13:45:00+05:30,"Sirifort, Delhi - CPCB",28.5504249,77.2159377
5586,14340707,nox,NOX,ppb,0.0,2026-05-19T13:45:00+05:30,"Sirifort, Delhi - CPCB",28.5504249,77.2159377
5586,14340708,wind_direction,Wind direction,deg,169.54,2026-05-19T13:45:00+05:30,"Sirifort, Delhi - CPCB",28.5504249,77.2159377
5598,12235186,pm10,PM10,µg/m³,140.0,2026-05-18T18:30:00+05:30,"Sector - 125, Noida, UP - UPPCB",28.5447608,77.3231257
5598,12235184,no2,NO₂,ppb,0.0,2026-05-18T18:15:00+05:30,"Sector - 125, Noida, UP - UPPCB",28.5447608,77.3231257
5598,12235188,relativehumidity,RH,%,72.0,2026-05-17T08:30:00+05:30,"Sector - 125, Noida, UP - UPPCB",28.5447608,77.3231257
5598,12235183,no,NO,ppb,0.0,2026-05-18T18:15:00+05:30,"Sector - 125, Noida, UP - UPPCB",28.5447608,77.3231257
5598,12235182,co,CO,ppb,0.23,2026-05-18T13:00:00+05:30,"Sector - 125, Noida, UP - UPPCB",28.5447608,77.3231257
5598,12235190,temperature,Temperature (C),c,44.9,2026-05-17T08:30:00+05:30,"Sector - 125, Noida, UP - UPPCB",28.5447608,77.3231257
5598,12235189,so2,SO₂,ppb,13.9,2026-05-18T13:00:00+05:30,"Sector - 125, Noida, UP - UPPCB",28.5447608,77.3231257
5598,12235187,pm25,PM2.5,µg/m³,42.0,2026-05-18T18:30:00+05:30,"Sector - 125, Noida, UP - UPPCB",28.5447608,77.3231257
5598,12235185,o3,O₃ mass,µg/m³,2.4,2026-05-18T18:15:00+05:30,"Sector - 125, Noida, UP - UPPCB",28.5447608,77.3231257
5598,14340784,nox,NOX,ppb,0.0,2026-05-18T18:15:00+05:30,"Sector - 125, Noida, UP - UPPCB",28.5447608,77.3231257
5598,14340785,wind_direction,Wind direction,deg,187.0,2026-05-17T08:30:00+05:30,"Sector - 125, Noida, UP - UPPCB",28.5447608,77.3231257
5598,14340786,wind_speed,Wind speed,m/s,1.0,2026-05-17T08:30:00+05:30,"Sector - 125, Noida, UP - UPPCB",28.5447608,77.3231257
5610,14902,no2,NO₂ mass,µg/m³,24.0,2022-10-31T07:30:00+05:30,"North Campus, DU, Delhi - IMD",28.6573814,77.1585447
5610,14886,pm10,PM10,µg/m³,235.44,2022-10-31T07:30:00+05:30,"North Campus, DU, Delhi - IMD",28.6573814,77.1585447
5610,2007703,o3,O₃,ppm,0.01087,2022-10-31T07:30:00+05:30,"North Campus, DU, Delhi - IMD",28.6573814,77.1585447
5610,14860,pm25,PM2.5,µg/m³,147.6,2022-10-31T07:30:00+05:30,"North Campus, DU, Delhi - IMD",28.6573814,77.1585447
5610,14909,co,CO mass,µg/m³,1390.0,2022-10-31T07:30:00+05:30,"North Campus, DU, Delhi - IMD",28.6573814,77.1585447
5610,14889,o3,O₃ mass,µg/m³,14.59,2022-06-22T07:45:00+05:30,"North Campus, DU, Delhi - IMD",28.6573814,77.1585447
5610,12234687,no2,NO₂,ppb,0.97,2026-05-19T13:30:00+05:30,"North Campus, DU, Delhi - IMD",28.6573814,77.1585447
5610,12234686,no,NO,ppb,10.11,2026-05-19T13:30:00+05:30,"North Campus, DU, Delhi - IMD",28.6573814,77.1585447
5610,12234689,pm10,PM10,µg/m³,368.5,2026-05-19T13:30:00+05:30,"North Campus, DU, Delhi - IMD",28.6573814,77.1585447
5610,12234685,co,CO,ppb,0.12,2026-05-19T13:30:00+05:30,"North Campus, DU, Delhi - IMD",28.6573814,77.1585447
5610,12234688,o3,O₃ mass,µg/m³,152.19,2026-05-19T13:30:00+05:30,"North Campus, DU, Delhi - IMD",28.6573814,77.1585447
5610,12234690,pm25,PM2.5,µg/m³,0.0,2026-05-19T13:30:00+05:30,"North Campus, DU, Delhi - IMD",28.6573814,77.1585447
5610,14340698,nox,NOX,ppb,0.00871,2026-05-19T13:30:00+05:30,"North Campus, DU, Delhi - IMD",28.6573814,77.1585447
5613,14866,no2,NO₂ mass,µg/m³,22.17,2020-01-20T12:45:00+05:30,"ITO, New Delhi - CPCB",28.628624,77.24106
5613,14869,pm10,PM10,µg/m³,209.0,2020-01-20T12:45:00+05:30,"ITO, New Delhi - CPCB",28.628624,77.24106
5613,14878,pm25,PM2.5,µg/m³,162.0,2020-01-20T12:45:00+05:30,"ITO, New Delhi - CPCB",28.628624,77.24106
5613,17785,o3,O₃ mass,µg/m³,28.7,2020-01-20T12:45:00+05:30,"ITO, New Delhi - CPCB",28.628624,77.24106
5613,17781,so2,SO₂ mass,µg/m³,11.16,2020-01-20T12:45:00+05:30,"ITO, New Delhi - CPCB",28.628624,77.24106
5613,17782,co,CO mass,µg/m³,1450.0,2020-01-20T12:45:00+05:30,"ITO, New Delhi - CPCB",28.628624,77.24106
5613,12234753,pm25,PM2.5,µg/m³,28.0,2026-05-19T13:30:00+05:30,"ITO, New Delhi - CPCB",28.628624,77.24106
5613,12234748,co,CO,ppb,0.614,2026-05-19T13:30:00+05:30,"ITO, New Delhi - CPCB",28.628624,77.24106
5613,12234751,o3,O₃ mass,µg/m³,63.9,2026-05-19T13:30:00+05:30,"ITO, New Delhi - CPCB",28.628624,77.24106
5613,12234749,no,NO,ppb,26.4,2026-05-19T13:30:00+05:30,"ITO, New Delhi - CPCB",28.628624,77.24106
5613,12234752,pm10,PM10,µg/m³,110.0,2026-05-19T13:30:00+05:30,"ITO, New Delhi - CPCB",28.628624,77.24106
5613,12234750,no2,NO₂,ppb,42.7,2026-05-19T13:30:00+05:30,"ITO, New Delhi - CPCB",28.628624,77.24106
5613,12234754,so2,SO₂,ppb,20.9,2026-05-19T13:30:00+05:30,"ITO, New Delhi - CPCB",28.628624,77.24106
5613,14341687,nox,NOX,ppb,0.0442,2026-05-19T13:30:00+05:30,"ITO, New Delhi - CPCB",28.628624,77.24106
5617,14930,pm25,PM2.5,µg/m³,240.0,2022-10-31T07:30:00+05:30,"Sector- 16A, Faridabad - HSPCB",28.4088421,77.3099081
5617,15107,so2,SO₂ mass,µg/m³,22.27,2022-10-31T07:30:00+05:30,"Sector- 16A, Faridabad - HSPCB",28.4088421,77.3099081
5617,15229,o3,O₃ mass,µg/m³,16.86,2022-10-31T07:30:00+05:30,"Sector- 16A, Faridabad - HSPCB",28.4088421,77.3099081
5617,17547,pm10,PM10,µg/m³,634.0,2018-11-08T22:00:00+05:30,"Sector- 16A, Faridabad - HSPCB",28.4088421,77.3099081
5617,17865,co,CO mass,µg/m³,0.0,2022-02-06T20:15:00+05:30,"Sector- 16A, Faridabad - HSPCB",28.4088421,77.3099081
5617,14887,no2,NO₂ mass,µg/m³,18.99,2022-10-31T07:30:00+05:30,"Sector- 16A, Faridabad - HSPCB",28.4088421,77.3099081
5622,14923,so2,SO₂ mass,µg/m³,2.0,2022-10-31T07:30:00+05:30,"NSIT Dwarka, Delhi - CPCB",28.60909,77.0325413
5622,14922,pm25,PM2.5,µg/m³,208.4,2022-10-31T07:30:00+05:30,"NSIT Dwarka, Delhi - CPCB",28.60909,77.0325413
5622,14920,o3,O₃ mass,µg/m³,38.99,2022-10-31T07:30:00+05:30,"NSIT Dwarka, Delhi - CPCB",28.60909,77.0325413
5622,14916,co,CO mass,µg/m³,860.0,2022-10-31T07:30:00+05:30,"NSIT Dwarka, Delhi - CPCB",28.60909,77.0325413
5622,14919,no2,NO₂ mass,µg/m³,32.47,2022-10-31T07:30:00+05:30,"NSIT Dwarka, Delhi - CPCB",28.60909,77.0325413
5622,34957,pm10,PM10,µg/m³,357.6,2022-10-31T07:30:00+05:30,"NSIT Dwarka, Delhi - CPCB",28.60909,77.0325413
5622,12234745,relativehumidity,RH,%,7.6,2026-05-19T13:45:00+05:30,"NSIT Dwarka, Delhi - CPCB",28.60909,77.0325413
5622,12234742,o3,O₃ mass,µg/m³,90.86,2026-05-19T13:45:00+05:30,"NSIT Dwarka, Delhi - CPCB",28.60909,77.0325413
5622,12234740,no,NO,ppb,12.46,2026-05-19T13:45:00+05:30,"NSIT Dwarka, Delhi - CPCB",28.60909,77.0325413
5622,12234743,pm10,PM10,µg/m³,116.8,2026-05-19T13:45:00+05:30,"NSIT Dwarka, Delhi - CPCB",28.60909,77.0325413
5622,12234741,no2,NO₂,ppb,37.95,2026-05-19T13:45:00+05:30,"NSIT Dwarka, Delhi - CPCB",28.60909,77.0325413
5622,12234747,temperature,Temperature (C),c,33.74,2026-05-19T13:45:00+05:30,"NSIT Dwarka, Delhi - CPCB",28.60909,77.0325413
5622,12234744,pm25,PM2.5,µg/m³,62.3,2026-05-19T13:45:00+05:30,"NSIT Dwarka, Delhi - CPCB",28.60909,77.0325413
5622,12234746,so2,SO₂,ppb,14.57,2026-05-19T13:45:00+05:30,"NSIT Dwarka, Delhi - CPCB",28.60909,77.0325413
5622,12234739,co,CO,ppb,0.25,2026-05-19T13:45:00+05:30,"NSIT Dwarka, Delhi - CPCB",28.60909,77.0325413
5622,14341692,wind_speed,Wind speed,m/s,1.05,2026-05-19T13:45:00+05:30,"NSIT Dwarka, Delhi - CPCB",28.60909,77.0325413
5622,14341688,nox,NOX,ppb,0.03031,2026-05-19T13:45:00+05:30,"NSIT Dwarka, Delhi - CPCB",28.60909,77.0325413
5622,14341690,wind_direction,Wind direction,deg,273.39,2026-05-19T13:45:00+05:30,"NSIT Dwarka, Delhi - CPCB",28.60909,77.0325413
5626,14949,o3,O₃ mass,µg/m³,14.3,2022-10-31T07:15:00+05:30,"DTU, New Delhi - CPCB",28.7500499,77.1112615
5626,14985,pm25,PM2.5,µg/m³,217.0,2022-10-31T07:15:00+05:30,"DTU, New Delhi - CPCB",28.7500499,77.1112615
5626,14941,no2,NO₂ mass,µg/m³,40.8,2022-10-31T07:15:00+05:30,"DTU, New Delhi - CPCB",28.7500499,77.1112615
5626,14933,co,CO mass,µg/m³,1900.0,2022-10-31T07:15:00+05:30,"DTU, New Delhi - CPCB",28.7500499,77.1112615
5626,17766,so2,SO₂ mass,µg/m³,14.3,2022-10-31T07:15:00+05:30,"DTU, New Delhi - CPCB",28.7500499,77.1112615
5626,14974,pm10,PM10,µg/m³,379.0,2022-10-31T07:15:00+05:30,"DTU, New Delhi - CPCB",28.7500499,77.1112615
5626,12234761,relativehumidity,RH,%,23.86,2026-05-19T13:45:00+05:30,"DTU, New Delhi - CPCB",28.7500499,77.1112615
5626,12234756,no,NO,ppb,12.5,2026-05-19T13:45:00+05:30,"DTU, New Delhi - CPCB",28.7500499,77.1112615
5626,12234762,so2,SO₂,ppb,28.66,2026-05-19T13:45:00+05:30,"DTU, New Delhi - CPCB",28.7500499,77.1112615
5626,12234763,temperature,Temperature (C),c,47.48,2026-05-19T13:45:00+05:30,"DTU, New Delhi - CPCB",28.7500499,77.1112615
5626,12234760,pm25,PM2.5,µg/m³,36.0,2026-05-19T13:45:00+05:30,"DTU, New Delhi - CPCB",28.7500499,77.1112615
5626,12234755,co,CO,ppb,0.36,2026-05-19T13:45:00+05:30,"DTU, New Delhi - CPCB",28.7500499,77.1112615
5626,12234759,pm10,PM10,µg/m³,152.0,2026-05-19T13:45:00+05:30,"DTU, New Delhi - CPCB",28.7500499,77.1112615
5626,12234757,no2,NO₂,ppb,41.45,2026-05-19T13:45:00+05:30,"DTU, New Delhi - CPCB",28.7500499,77.1112615
5626,12234758,o3,O₃ mass,µg/m³,28.57,2026-05-19T13:45:00+05:30,"DTU, New Delhi - CPCB",28.7500499,77.1112615
5626,14340704,nox,NOX,ppb,0.033479999999999996,2026-05-19T13:45:00+05:30,"DTU, New Delhi - CPCB",28.7500499,77.1112615
5626,14340705,wind_direction,Wind direction,deg,169.21,2026-05-19T13:45:00+05:30,"DTU, New Delhi - CPCB",28.7500499,77.1112615
5626,14340706,wind_speed,Wind speed,m/s,1.05,2026-05-19T13:45:00+05:30,"DTU, New Delhi - CPCB",28.7500499,77.1112615
5627,15063,o3,O₃ mass,µg/m³,28.31,2022-10-31T06:45:00+05:30,"CRRI Mathura Road, New Delhi - IMD",28.5512005,77.2735737
5627,15098,co,CO mass,µg/m³,960.0,2022-10-31T06:45:00+05:30,"CRRI Mathura Road, New Delhi - IMD",28.5512005,77.2735737
5627,14935,pm25,PM2.5,µg/m³,224.72,2022-10-31T06:45:00+05:30,"CRRI Mathura Road, New Delhi - IMD",28.5512005,77.2735737
5627,14946,pm10,PM10,µg/m³,345.82,2022-10-31T06:45:00+05:30,"CRRI Mathura Road, New Delhi - IMD",28.5512005,77.2735737
5627,15082,no2,NO₂ mass,µg/m³,3.52,2022-10-31T06:45:00+05:30,"CRRI Mathura Road, New Delhi - IMD",28.5512005,77.2735737
5627,12234675,no2,NO₂,ppb,12.58,2026-05-19T13:30:00+05:30,"CRRI Mathura Road, New Delhi - IMD",28.5512005,77.2735737
5627,12234677,pm10,PM10,µg/m³,185.59,2026-05-19T13:30:00+05:30,"CRRI Mathura Road, New Delhi - IMD",28.5512005,77.2735737
5627,12234678,pm25,PM2.5,µg/m³,70.06,2026-05-19T13:30:00+05:30,"CRRI Mathura Road, New Delhi - IMD",28.5512005,77.2735737
5627,12234674,no,NO,ppb,17.9,2026-05-19T13:30:00+05:30,"CRRI Mathura Road, New Delhi - IMD",28.5512005,77.2735737
5627,12234676,o3,O₃ mass,µg/m³,41.19,2026-05-19T13:30:00+05:30,"CRRI Mathura Road, New Delhi - IMD",28.5512005,77.2735737
5627,12234673,co,CO,ppb,0.29,2026-05-19T13:30:00+05:30,"CRRI Mathura Road, New Delhi - IMD",28.5512005,77.2735737
5627,14340696,nox,NOX,ppb,0.02125,2026-05-19T13:30:00+05:30,"CRRI Mathura Road, New Delhi - IMD",28.5512005,77.2735737
5630,15053,no2,NO₂ mass,µg/m³,36.5,2022-10-31T07:30:00+05:30,"Shadipur, Delhi - CPCB",28.6514781,77.1473105
5630,36210,pm10,PM10,µg/m³,833.9,2022-10-31T07:30:00+05:30,"Shadipur, Delhi - CPCB",28.6514781,77.1473105
5630,15119,co,CO mass,µg/m³,2410.0,2022-10-31T07:30:00+05:30,"Shadipur, Delhi - CPCB",28.6514781,77.1473105
5630,14959,pm25,PM2.5,µg/m³,139.2,2022-10-31T07:30:00+05:30,"Shadipur, Delhi - CPCB",28.6514781,77.1473105
5630,15011,o3,O₃ mass,µg/m³,8.02,2022-10-31T07:30:00+05:30,"Shadipur, Delhi - CPCB",28.6514781,77.1473105
5630,14952,so2,SO₂ mass,µg/m³,10.3,2022-10-31T07:30:00+05:30,"Shadipur, Delhi - CPCB",28.6514781,77.1473105
5630,12234724,o3,O₃ mass,µg/m³,30.03,2026-05-19T13:45:00+05:30,"Shadipur, Delhi - CPCB",28.6514781,77.1473105
5630,12234729,temperature,Temperature (C),c,42.63,2026-05-19T13:45:00+05:30,"Shadipur, Delhi - CPCB",28.6514781,77.1473105
5630,12234723,no2,NO₂,ppb,27.64,2026-05-19T13:45:00+05:30,"Shadipur, Delhi - CPCB",28.6514781,77.1473105
5630,12234721,co,CO,ppb,0.319,2026-05-19T13:45:00+05:30,"Shadipur, Delhi - CPCB",28.6514781,77.1473105
5630,12234728,so2,SO₂,ppb,8.0,2026-05-19T13:45:00+05:30,"Shadipur, Delhi - CPCB",28.6514781,77.1473105
5630,12234727,relativehumidity,RH,%,27.47,2026-05-19T13:45:00+05:30,"Shadipur, Delhi - CPCB",28.6514781,77.1473105
5630,12234726,pm25,PM2.5,µg/m³,106.0,2026-05-19T13:45:00+05:30,"Shadipur, Delhi - CPCB",28.6514781,77.1473105
5630,12234725,pm10,PM10,µg/m³,169.2,2026-05-19T13:45:00+05:30,"Shadipur, Delhi - CPCB",28.6514781,77.1473105
5630,12234722,no,NO,ppb,6.79,2026-05-19T13:45:00+05:30,"Shadipur, Delhi - CPCB",28.6514781,77.1473105
5630,14341722,wind_direction,Wind direction,deg,282.79,2026-05-19T13:45:00+05:30,"Shadipur, Delhi - CPCB",28.6514781,77.1473105
5630,14341721,nox,NOX,ppb,0.02022,2026-05-19T13:45:00+05:30,"Shadipur, Delhi - CPCB",28.6514781,77.1473105
5630,14341723,wind_speed,Wind speed,m/s,1.02,2026-05-19T13:45:00+05:30,"Shadipur, Delhi - CPCB",28.6514781,77.1473105
5634,14984,pm25,PM2.5,µg/m³,64.29,2022-10-16T15:45:00+05:30,"Lodhi Road, New Delhi - IMD",28.5918245,77.2273074
5634,14980,no2,NO₂ mass,µg/m³,6.96,2022-10-16T15:45:00+05:30,"Lodhi Road, New Delhi - IMD",28.5918245,77.2273074
5634,14981,o3,O₃ mass,µg/m³,47.96,2022-10-16T15:45:00+05:30,"Lodhi Road, New Delhi - IMD",28.5918245,77.2273074
5634,14983,pm10,PM10,µg/m³,155.4,2022-10-16T15:45:00+05:30,"Lodhi Road, New Delhi - IMD",28.5918245,77.2273074
5634,14978,co,CO mass,µg/m³,1940.0,2022-10-16T15:45:00+05:30,"Lodhi Road, New Delhi - IMD",28.5918245,77.2273074
5634,12234713,pm10,PM10,µg/m³,174.5,2026-05-19T13:30:00+05:30,"Lodhi Road, New Delhi - IMD",28.5918245,77.2273074
5634,12234711,no2,NO₂,ppb,2.99,2026-05-19T13:30:00+05:30,"Lodhi Road, New Delhi - IMD",28.5918245,77.2273074
5634,12234712,o3,O₃ mass,µg/m³,75.37,2026-05-19T13:30:00+05:30,"Lodhi Road, New Delhi - IMD",28.5918245,77.2273074
5634,12234709,co,CO,ppb,0.43,2026-05-19T13:30:00+05:30,"Lodhi Road, New Delhi - IMD",28.5918245,77.2273074
5634,12234714,pm25,PM2.5,µg/m³,54.0,2026-05-19T13:30:00+05:30,"Lodhi Road, New Delhi - IMD",28.5918245,77.2273074
5634,12234710,no,NO,ppb,0.39,2026-05-19T13:30:00+05:30,"Lodhi Road, New Delhi - IMD",28.5918245,77.2273074
5634,14340702,nox,NOX,ppb,0.00191,2026-05-19T13:30:00+05:30,"Lodhi Road, New Delhi - IMD",28.5918245,77.2273074
5639,15008,co,CO mass,µg/m³,3000.0,2018-05-07T01:00:00+05:30,"R K Puram, New Delhi - DPCC",28.5646102,77.1670103
5639,15059,pm10,PM10,µg/m³,296.0,2018-05-12T10:15:00+05:30,"R K Puram, New Delhi - DPCC",28.5646102,77.1670103
5639,15071,pm25,PM2.5,µg/m³,213.0,2018-05-12T10:15:00+05:30,"R K Puram, New Delhi - DPCC",28.5646102,77.1670103
5639,15092,so2,SO₂ mass,µg/m³,18.4,2018-05-07T01:00:00+05:30,"R K Puram, New Delhi - DPCC",28.5646102,77.1670103
5639,15042,o3,O₃ mass,µg/m³,8.7,2018-05-07T01:00:00+05:30,"R K Puram, New Delhi - DPCC",28.5646102,77.1670103
5639,15030,no2,NO₂ mass,µg/m³,81.4,2018-05-07T01:00:00+05:30,"R K Puram, New Delhi - DPCC",28.5646102,77.1670103
5641,15028,co,CO mass,µg/m³,400.0,2018-05-10T13:00:00+05:30,"Mandir Marg, New Delhi - DPCC",28.6372688,77.2005604
5641,15023,o3,O₃ mass,µg/m³,99.0,2018-05-10T13:00:00+05:30,"Mandir Marg, New Delhi - DPCC",28.6372688,77.2005604
5641,15022,pm10,PM10,µg/m³,251.0,2018-05-12T10:00:00+05:30,"Mandir Marg, New Delhi - DPCC",28.6372688,77.2005604
5641,15025,no2,NO₂ mass,µg/m³,26.9,2018-05-10T13:00:00+05:30,"Mandir Marg, New Delhi - DPCC",28.6372688,77.2005604
5641,15014,pm25,PM2.5,µg/m³,134.0,2018-05-12T10:00:00+05:30,"Mandir Marg, New Delhi - DPCC",28.6372688,77.2005604
5641,15013,so2,SO₂ mass,µg/m³,18.0,2018-05-10T13:00:00+05:30,"Mandir Marg, New Delhi - DPCC",28.6372688,77.2005604
5650,12234691,co,CO,ppb,0.22,2026-05-19T13:30:00+05:30,"IGI Airport (T3), Delhi - IMD",28.5627763,77.1180053
5650,12234692,no,NO,ppb,269.21,2026-05-19T13:30:00+05:30,"IGI Airport (T3), Delhi - IMD",28.5627763,77.1180053
5650,12234695,pm10,PM10,µg/m³,235.71,2026-05-19T13:30:00+05:30,"IGI Airport (T3), Delhi - IMD",28.5627763,77.1180053
5650,12234696,pm25,PM2.5,µg/m³,115.5,2026-05-19T13:30:00+05:30,"IGI Airport (T3), Delhi - IMD",28.5627763,77.1180053
5650,12234694,o3,O₃ mass,µg/m³,55.54,2026-05-19T13:30:00+05:30,"IGI Airport (T3), Delhi - IMD",28.5627763,77.1180053
5650,12234693,no2,NO₂,ppb,15.44,2026-05-19T13:30:00+05:30,"IGI Airport (T3), Delhi - IMD",28.5627763,77.1180053
5650,14340699,nox,NOX,ppb,0.22711,2026-05-19T13:30:00+05:30,"IGI Airport (T3), Delhi - IMD",28.5627763,77.1180053
5742,15500,o3,O₃ mass,µg/m³,139.3,2018-05-08T12:00:00+05:30,"Patparganj, Delhi - DPCC",28.6310495,77.2846218
5742,15628,pm10,PM10,µg/m³,149.0,2018-05-13T17:00:00+05:30,"Patparganj, Delhi - DPCC",28.6310495,77.2846218
5742,15498,no2,NO₂ mass,µg/m³,10.3,2018-05-08T12:00:00+05:30,"Patparganj, Delhi - DPCC",28.6310495,77.2846218
5742,15629,pm25,PM2.5,µg/m³,67.0,2018-05-13T17:00:00+05:30,"Patparganj, Delhi - DPCC",28.6310495,77.2846218
5742,15499,so2,SO₂ mass,µg/m³,6.9,2018-05-08T12:00:00+05:30,"Patparganj, Delhi - DPCC",28.6310495,77.2846218
5743,15503,co,CO mass,µg/m³,700.0,2018-05-09T16:30:00+05:30,"Rohini, Delhi - DPCC",28.7407056,77.0577492
5743,15508,no2,NO₂ mass,µg/m³,25.5,2018-05-09T16:30:00+05:30,"Rohini, Delhi - DPCC",28.7407056,77.0577492
5743,15506,o3,O₃ mass,µg/m³,42.0,2018-05-09T16:30:00+05:30,"Rohini, Delhi - DPCC",28.7407056,77.0577492
5743,15504,so2,SO₂ mass,µg/m³,7.7,2018-05-09T16:30:00+05:30,"Rohini, Delhi - DPCC",28.7407056,77.0577492
5743,15622,pm10,PM10,µg/m³,317.0,2018-05-12T12:00:00+05:30,"Rohini, Delhi - DPCC",28.7407056,77.0577492
5743,15618,pm25,PM2.5,µg/m³,110.0,2018-05-12T12:00:00+05:30,"Rohini, Delhi - DPCC",28.7407056,77.0577492
5744,15588,pm10,PM10,µg/m³,249.0,2018-05-12T10:15:00+05:30,"Dr. Karni Singh Shooting Range, Delhi - DPCC",28.4997315,77.2649067
5744,15507,o3,O₃ mass,µg/m³,3.0,2018-05-09T16:30:00+05:30,"Dr. Karni Singh Shooting Range, Delhi - DPCC",28.4997315,77.2649067
5744,15589,pm25,PM2.5,µg/m³,129.0,2018-05-12T10:15:00+05:30,"Dr. Karni Singh Shooting Range, Delhi - DPCC",28.4997315,77.2649067
5744,15505,no2,NO₂ mass,µg/m³,32.4,2018-05-09T16:30:00+05:30,"Dr. Karni Singh Shooting Range, Delhi - DPCC",28.4997315,77.2649067
5744,15510,co,CO mass,µg/m³,150.0,2018-05-09T16:30:00+05:30,"Dr. Karni Singh Shooting Range, Delhi - DPCC",28.4997315,77.2649067
5744,15509,so2,SO₂ mass,µg/m³,29.0,2018-05-09T16:30:00+05:30,"Dr. Karni Singh Shooting Range, Delhi - DPCC",28.4997315,77.2649067
5753,15546,so2,SO₂ mass,µg/m³,7.2,2018-05-10T14:30:00+05:30,"Vivek Vihar, Delhi - DPCC",28.6687803,77.3130982
5753,15543,o3,O₃ mass,µg/m³,181.1,2018-05-10T14:30:00+05:30,"Vivek Vihar, Delhi - DPCC",28.6687803,77.3130982
5753,15545,co,CO mass,µg/m³,700.0,2018-05-10T14:30:00+05:30,"Vivek Vihar, Delhi - DPCC",28.6687803,77.3130982
5753,15604,pm25,PM2.5,µg/m³,162.0,2018-05-12T11:30:00+05:30,"Vivek Vihar, Delhi - DPCC",28.6687803,77.3130982
5753,15544,no2,NO₂ mass,µg/m³,18.1,2018-05-10T14:30:00+05:30,"Vivek Vihar, Delhi - DPCC",28.6687803,77.3130982
5753,15615,pm10,PM10,µg/m³,416.0,2018-05-12T11:30:00+05:30,"Vivek Vihar, Delhi - DPCC",28.6687803,77.3130982
5754,15620,pm25,PM2.5,µg/m³,152.0,2018-05-12T12:00:00+05:30,"Jawaharlal Nehru Stadium, Delhi - DPCC",28.5828503,77.2321778
5754,15550,o3,O₃ mass,µg/m³,200.5,2018-05-10T15:00:00+05:30,"Jawaharlal Nehru Stadium, Delhi - DPCC",28.5828503,77.2321778
5754,15548,co,CO mass,µg/m³,900.0,2018-05-10T15:00:00+05:30,"Jawaharlal Nehru Stadium, Delhi - DPCC",28.5828503,77.2321778
5754,15619,pm10,PM10,µg/m³,378.0,2018-05-12T12:00:00+05:30,"Jawaharlal Nehru Stadium, Delhi - DPCC",28.5828503,77.2321778
5754,15547,no2,NO₂ mass,µg/m³,23.4,2018-05-10T15:00:00+05:30,"Jawaharlal Nehru Stadium, Delhi - DPCC",28.5828503,77.2321778
5754,15552,so2,SO₂ mass,µg/m³,17.6,2018-05-10T15:00:00+05:30,"Jawaharlal Nehru Stadium, Delhi - DPCC",28.5828503,77.2321778
5755,15586,o3,O₃ mass,µg/m³,104.1,2018-05-12T10:00:00+05:30,"Major Dhyan Chand National Stadium, Delhi - DPCC",28.6125027,77.2351994
5755,15574,no2,NO₂ mass,µg/m³,87.4,2018-05-12T10:00:00+05:30,"Major Dhyan Chand National Stadium, Delhi - DPCC",28.6125027,77.2351994
5755,15551,pm25,PM2.5,µg/m³,62.0,2018-05-10T15:00:00+05:30,"Major Dhyan Chand National Stadium, Delhi - DPCC",28.6125027,77.2351994
5755,15582,co,CO mass,µg/m³,1800.0,2018-05-12T10:00:00+05:30,"Major Dhyan Chand National Stadium, Delhi - DPCC",28.6125027,77.2351994
5755,15549,pm10,PM10,µg/m³,155.0,2018-05-10T15:00:00+05:30,"Major Dhyan Chand National Stadium, Delhi - DPCC",28.6125027,77.2351994
5755,15587,so2,SO₂ mass,µg/m³,0.1,2018-05-12T10:00:00+05:30,"Major Dhyan Chand National Stadium, Delhi - DPCC",28.6125027,77.2351994
5759,15567,no2,NO₂ mass,µg/m³,6.2,2018-05-11T17:15:00+05:30,"Sonia Vihar, Delhi - DPCC",28.67795,77.29868
5759,15566,o3,O₃ mass,µg/m³,198.7,2018-05-11T17:15:00+05:30,"Sonia Vihar, Delhi - DPCC",28.67795,77.29868
5759,15595,pm25,PM2.5,µg/m³,151.0,2018-05-12T10:30:00+05:30,"Sonia Vihar, Delhi - DPCC",28.67795,77.29868
5759,15565,so2,SO₂ mass,µg/m³,0.1,2018-05-11T17:15:00+05:30,"Sonia Vihar, Delhi - DPCC",28.67795,77.29868
5759,15568,co,CO mass,µg/m³,0.6,2018-05-11T17:15:00+05:30,"Sonia Vihar, Delhi - DPCC",28.67795,77.29868
5759,15591,pm10,PM10,µg/m³,353.0,2018-05-12T10:30:00+05:30,"Sonia Vihar, Delhi - DPCC",28.67795,77.29868
5761,15578,co,CO mass,µg/m³,2300.0,2018-05-12T10:00:00+05:30,"Jahangirpuri, Delhi - DPCC",28.7258373,77.1605631
5761,15577,o3,O₃ mass,µg/m³,64.2,2018-05-12T10:00:00+05:30,"Jahangirpuri, Delhi - DPCC",28.7258373,77.1605631
5761,15621,pm25,PM2.5,µg/m³,127.0,2018-05-12T12:00:00+05:30,"Jahangirpuri, Delhi - DPCC",28.7258373,77.1605631
5761,15585,so2,SO₂ mass,µg/m³,34.4,2018-05-12T10:00:00+05:30,"Jahangirpuri, Delhi - DPCC",28.7258373,77.1605631
5761,15623,pm10,PM10,µg/m³,307.0,2018-05-12T12:00:00+05:30,"Jahangirpuri, Delhi - DPCC",28.7258373,77.1605631
5761,15572,no2,NO₂ mass,µg/m³,111.2,2018-05-12T10:00:00+05:30,"Jahangirpuri, Delhi - DPCC",28.7258373,77.1605631
5762,15605,pm10,PM10,µg/m³,366.0,2018-05-12T11:30:00+05:30,"Ashok Vihar, Delhi - DPCC",28.6957202,77.1812947
5762,15573,o3,O₃ mass,µg/m³,131.7,2018-05-12T10:00:00+05:30,"Ashok Vihar, Delhi - DPCC",28.6957202,77.1812947
5762,15583,co,CO mass,µg/m³,900.0,2018-05-12T10:00:00+05:30,"Ashok Vihar, Delhi - DPCC",28.6957202,77.1812947
5762,15602,pm25,PM2.5,µg/m³,139.0,2018-05-12T11:30:00+05:30,"Ashok Vihar, Delhi - DPCC",28.6957202,77.1812947
5762,15579,so2,SO₂ mass,µg/m³,2.3,2018-05-12T10:00:00+05:30,"Ashok Vihar, Delhi - DPCC",28.6957202,77.1812947
5762,15584,no2,NO₂ mass,µg/m³,36.9,2018-05-12T10:00:00+05:30,"Ashok Vihar, Delhi - DPCC",28.6957202,77.1812947
5763,15609,pm10,PM10,µg/m³,407.0,2018-05-12T11:30:00+05:30,"Narela, Delhi - DPCC",28.8446874,77.0332666
5763,15581,no2,NO₂ mass,µg/m³,38.2,2018-05-12T10:00:00+05:30,"Narela, Delhi - DPCC",28.8446874,77.0332666
5763,15576,co,CO mass,µg/m³,1400.0,2018-05-12T10:00:00+05:30,"Narela, Delhi - DPCC",28.8446874,77.0332666
5763,15606,pm25,PM2.5,µg/m³,173.0,2018-05-12T11:30:00+05:30,"Narela, Delhi - DPCC",28.8446874,77.0332666
5763,15575,so2,SO₂ mass,µg/m³,15.5,2018-05-12T10:00:00+05:30,"Narela, Delhi - DPCC",28.8446874,77.0332666
5763,15580,o3,O₃ mass,µg/m³,105.1,2018-05-12T10:00:00+05:30,"Narela, Delhi - DPCC",28.8446874,77.0332666
5765,15627,pm25,PM2.5,µg/m³,74.0,2018-05-13T15:30:00+05:30,"Okhla Phase-2, Delhi - DPCC",28.5366411,77.2664587
5765,15624,pm10,PM10,µg/m³,233.0,2018-05-13T15:30:00+05:30,"Okhla Phase-2, Delhi - DPCC",28.5366411,77.2664587
5765,15599,so2,SO₂ mass,µg/m³,17.4,2018-05-12T11:00:00+05:30,"Okhla Phase-2, Delhi - DPCC",28.5366411,77.2664587
5765,15597,co,CO mass,µg/m³,1400.0,2018-05-12T11:00:00+05:30,"Okhla Phase-2, Delhi - DPCC",28.5366411,77.2664587
5765,15598,o3,O₃ mass,µg/m³,62.2,2018-05-12T11:00:00+05:30,"Okhla Phase-2, Delhi - DPCC",28.5366411,77.2664587
5765,15600,no2,NO₂ mass,µg/m³,14.1,2018-05-12T11:00:00+05:30,"Okhla Phase-2, Delhi - DPCC",28.5366411,77.2664587
5766,15616,o3,O₃ mass,µg/m³,214.0,2018-05-12T11:30:00+05:30,"Nehru Nagar, Delhi - DPCC",28.5639543,77.2587868
5766,15607,co,CO mass,µg/m³,1200.0,2018-05-12T11:30:00+05:30,"Nehru Nagar, Delhi - DPCC",28.5639543,77.2587868
5766,15608,so2,SO₂ mass,µg/m³,18.8,2018-05-12T11:30:00+05:30,"Nehru Nagar, Delhi - DPCC",28.5639543,77.2587868
5766,15612,no2,NO₂ mass,µg/m³,19.1,2018-05-12T11:30:00+05:30,"Nehru Nagar, Delhi - DPCC",28.5639543,77.2587868
5766,15625,pm10,PM10,µg/m³,180.0,2018-05-13T15:30:00+05:30,"Nehru Nagar, Delhi - DPCC",28.5639543,77.2587868
5766,15626,pm25,PM2.5,µg/m³,75.0,2018-05-13T15:30:00+05:30,"Nehru Nagar, Delhi - DPCC",28.5639543,77.2587868
6314,17562,no2,NO₂ mass,µg/m³,13.54,2018-11-16T09:30:00+05:30,"NISE Gwal Pahari, Gurugram - IMD",28.4228859,76.8496963
6314,17561,co,CO mass,µg/m³,950.0,2018-11-16T09:30:00+05:30,"NISE Gwal Pahari, Gurugram - IMD",28.4228859,76.8496963
6314,17563,pm10,PM10,µg/m³,218.82,2018-11-16T09:30:00+05:30,"NISE Gwal Pahari, Gurugram - IMD",28.4228859,76.8496963
6314,17564,pm25,PM2.5,µg/m³,169.69,2018-11-16T09:30:00+05:30,"NISE Gwal Pahari, Gurugram - IMD",28.4228859,76.8496963
6356,12235316,co,CO,ppb,1.24,2026-05-19T14:00:00+05:30,"Pusa, Delhi - DPCC",28.639645,77.146262
6356,12235320,pm10,PM10,µg/m³,160.0,2026-05-19T14:00:00+05:30,"Pusa, Delhi - DPCC",28.639645,77.146262
6356,12235318,no2,NO₂,ppb,56.1,2026-05-19T14:00:00+05:30,"Pusa, Delhi - DPCC",28.639645,77.146262
6356,12235323,so2,SO₂,ppb,11.0,2026-05-19T13:45:00+05:30,"Pusa, Delhi - DPCC",28.639645,77.146262
6356,12235321,pm25,PM2.5,µg/m³,28.0,2026-05-19T14:00:00+05:30,"Pusa, Delhi - DPCC",28.639645,77.146262
6356,12235322,relativehumidity,RH,%,98.0,2026-05-19T14:00:00+05:30,"Pusa, Delhi - DPCC",28.639645,77.146262
6356,12235324,temperature,Temperature (C),c,40.5,2026-05-19T14:00:00+05:30,"Pusa, Delhi - DPCC",28.639645,77.146262
6356,12235319,o3,O₃ mass,µg/m³,19.2,2026-05-19T14:00:00+05:30,"Pusa, Delhi - DPCC",28.639645,77.146262
6356,12235317,no,NO,ppb,18.3,2026-05-19T14:00:00+05:30,"Pusa, Delhi - DPCC",28.639645,77.146262
6356,14340817,nox,NOX,ppb,0.045700000000000005,2026-05-19T14:00:00+05:30,"Pusa, Delhi - DPCC",28.639645,77.146262
6356,14340818,wind_direction,Wind direction,deg,276.0,2026-05-19T14:00:00+05:30,"Pusa, Delhi - DPCC",28.639645,77.146262
6356,14340819,wind_speed,Wind speed,m/s,4.8,2026-05-19T14:00:00+05:30,"Pusa, Delhi - DPCC",28.639645,77.146262
6357,17778,so2,SO₂ mass,µg/m³,21.7,2022-10-16T19:45:00+05:30,"Punjabi Bagh, Delhi - DPCC",28.674045000000003,77.13102300000001
6357,17769,co,CO mass,µg/m³,1500.0,2022-10-16T19:45:00+05:30,"Punjabi Bagh, Delhi - DPCC",28.674045000000003,77.13102300000001
6357,17771,no2,NO₂ mass,µg/m³,54.7,2022-10-16T19:45:00+05:30,"Punjabi Bagh, Delhi - DPCC",28.674045000000003,77.13102300000001
6357,17768,pm10,PM10,µg/m³,219.0,2022-10-16T19:45:00+05:30,"Punjabi Bagh, Delhi - DPCC",28.674045000000003,77.13102300000001
6357,17776,pm25,PM2.5,µg/m³,68.0,2022-10-16T19:45:00+05:30,"Punjabi Bagh, Delhi - DPCC",28.674045000000003,77.13102300000001
6357,17774,o3,O₃ mass,µg/m³,6.3,2022-10-16T19:45:00+05:30,"Punjabi Bagh, Delhi - DPCC",28.674045000000003,77.13102300000001
6358,17772,co,CO mass,µg/m³,0.0,2022-10-31T06:15:00+05:30,"Mandir Marg, New Delhi - DPCC",28.636429,77.201067
6358,17777,o3,O₃ mass,µg/m³,5.7,2022-10-31T06:15:00+05:30,"Mandir Marg, New Delhi - DPCC",28.636429,77.201067
6358,17770,pm25,PM2.5,µg/m³,60.0,2022-10-31T06:15:00+05:30,"Mandir Marg, New Delhi - DPCC",28.636429,77.201067
6358,17773,no2,NO₂ mass,µg/m³,34.8,2022-10-31T06:15:00+05:30,"Mandir Marg, New Delhi - DPCC",28.636429,77.201067
6358,17775,pm10,PM10,µg/m³,268.0,2022-10-31T06:15:00+05:30,"Mandir Marg, New Delhi - DPCC",28.636429,77.201067
6358,17779,so2,SO₂ mass,µg/m³,17.8,2022-10-31T06:15:00+05:30,"Mandir Marg, New Delhi - DPCC",28.636429,77.201067
6358,12234774,no,NO,ppb,9.0,2026-05-19T14:00:00+05:30,"Mandir Marg, New Delhi - DPCC",28.636429,77.201067
6358,12234777,pm10,PM10,µg/m³,138.0,2026-05-19T14:00:00+05:30,"Mandir Marg, New Delhi - DPCC",28.636429,77.201067
6358,12234779,relativehumidity,RH,%,19.0,2026-05-19T14:00:00+05:30,"Mandir Marg, New Delhi - DPCC",28.636429,77.201067
6358,12234776,o3,O₃ mass,µg/m³,23.7,2026-05-19T14:00:00+05:30,"Mandir Marg, New Delhi - DPCC",28.636429,77.201067
6358,12234780,so2,SO₂,ppb,39.0,2026-05-19T14:00:00+05:30,"Mandir Marg, New Delhi - DPCC",28.636429,77.201067
6358,12234778,pm25,PM2.5,µg/m³,147.0,2026-05-19T14:00:00+05:30,"Mandir Marg, New Delhi - DPCC",28.636429,77.201067
6358,12234775,no2,NO₂,ppb,16.0,2026-05-19T14:00:00+05:30,"Mandir Marg, New Delhi - DPCC",28.636429,77.201067
6358,12234781,temperature,Temperature (C),c,37.9,2026-05-19T14:00:00+05:30,"Mandir Marg, New Delhi - DPCC",28.636429,77.201067
6358,12234773,co,CO,ppb,0.32,2026-05-19T14:00:00+05:30,"Mandir Marg, New Delhi - DPCC",28.636429,77.201067
6358,14340712,wind_speed,Wind speed,m/s,2.0,2026-05-19T14:00:00+05:30,"Mandir Marg, New Delhi - DPCC",28.636429,77.201067
6358,14340711,wind_direction,Wind direction,deg,244.0,2026-05-19T14:00:00+05:30,"Mandir Marg, New Delhi - DPCC",28.636429,77.201067
6358,14340710,nox,NOX,ppb,0.0157,2026-05-19T14:00:00+05:30,"Mandir Marg, New Delhi - DPCC",28.636429,77.201067
6359,36050,pm10,PM10,µg/m³,309.7,2022-10-31T07:15:00+05:30,"IHBAS, Dilshad Garden,New Delhi - CPCB",28.6811736,77.3025234
6359,17792,co,CO mass,µg/m³,1750.0,2022-10-31T07:15:00+05:30,"IHBAS, Dilshad Garden,New Delhi - CPCB",28.6811736,77.3025234
6359,17790,pm25,PM2.5,µg/m³,99.5,2022-10-31T07:15:00+05:30,"IHBAS, Dilshad Garden,New Delhi - CPCB",28.6811736,77.3025234
6359,17791,no2,NO₂ mass,µg/m³,11.42,2022-10-31T07:15:00+05:30,"IHBAS, Dilshad Garden,New Delhi - CPCB",28.6811736,77.3025234
6359,17780,so2,SO₂ mass,µg/m³,5.9,2022-10-31T07:15:00+05:30,"IHBAS, Dilshad Garden,New Delhi - CPCB",28.6811736,77.3025234
6359,36058,o3,O₃ mass,µg/m³,1.5,2022-10-31T07:15:00+05:30,"IHBAS, Dilshad Garden,New Delhi - CPCB",28.6811736,77.3025234
6359,12234733,o3,O₃ mass,µg/m³,46.89,2026-05-19T13:45:00+05:30,"IHBAS, Dilshad Garden,New Delhi - CPCB",28.6811736,77.3025234
6359,12234730,co,CO,ppb,1.26,2026-05-19T13:45:00+05:30,"IHBAS, Dilshad Garden,New Delhi - CPCB",28.6811736,77.3025234
6359,12234732,no2,NO₂,ppb,24.61,2026-05-19T13:45:00+05:30,"IHBAS, Dilshad Garden,New Delhi - CPCB",28.6811736,77.3025234
6359,12234736,relativehumidity,RH,%,3.11,2026-05-19T13:45:00+05:30,"IHBAS, Dilshad Garden,New Delhi - CPCB",28.6811736,77.3025234
6359,12234738,temperature,Temperature (C),c,41.21,2026-05-19T13:45:00+05:30,"IHBAS, Dilshad Garden,New Delhi - CPCB",28.6811736,77.3025234
6359,12234731,no,NO,ppb,15.73,2026-05-19T13:45:00+05:30,"IHBAS, Dilshad Garden,New Delhi - CPCB",28.6811736,77.3025234
6359,12234735,pm25,PM2.5,µg/m³,58.3,2026-05-19T13:45:00+05:30,"IHBAS, Dilshad Garden,New Delhi - CPCB",28.6811736,77.3025234
6359,12234734,pm10,PM10,µg/m³,120.1,2026-05-19T13:45:00+05:30,"IHBAS, Dilshad Garden,New Delhi - CPCB",28.6811736,77.3025234
6359,12234737,so2,SO₂,ppb,8.48,2026-05-19T13:45:00+05:30,"IHBAS, Dilshad Garden,New Delhi - CPCB",28.6811736,77.3025234
6359,14341689,nox,NOX,ppb,0.02588,2026-05-19T13:45:00+05:30,"IHBAS, Dilshad Garden,New Delhi - CPCB",28.6811736,77.3025234
6359,14341693,wind_speed,Wind speed,m/s,1.24,2026-05-19T13:45:00+05:30,"IHBAS, Dilshad Garden,New Delhi - CPCB",28.6811736,77.3025234
6359,14341691,wind_direction,Wind direction,deg,100.65,2026-05-19T13:45:00+05:30,"IHBAS, Dilshad Garden,New Delhi - CPCB",28.6811736,77.3025234
6929,19899,so2,SO₂ mass,µg/m³,0.1,2022-10-31T06:00:00+05:30,"Major Dhyan Chand National Stadium, Delhi - DPCC",28.611281,77.237738
6929,19901,co,CO mass,µg/m³,300.0,2022-10-31T05:30:00+05:30,"Major Dhyan Chand National Stadium, Delhi - DPCC",28.611281,77.237738
6929,19900,pm25,PM2.5,µg/m³,228.0,2022-10-31T06:15:00+05:30,"Major Dhyan Chand National Stadium, Delhi - DPCC",28.611281,77.237738
6929,19902,no2,NO₂ mass,µg/m³,46.4,2022-10-31T06:15:00+05:30,"Major Dhyan Chand National Stadium, Delhi - DPCC",28.611281,77.237738
6929,19904,pm10,PM10,µg/m³,327.0,2022-10-31T06:15:00+05:30,"Major Dhyan Chand National Stadium, Delhi - DPCC",28.611281,77.237738
6929,19903,o3,O₃ mass,µg/m³,1.0,2022-10-31T06:15:00+05:30,"Major Dhyan Chand National Stadium, Delhi - DPCC",28.611281,77.237738
6929,12235047,pm25,PM2.5,µg/m³,16.0,2026-05-19T14:00:00+05:30,"Major Dhyan Chand National Stadium, Delhi - DPCC",28.611281,77.237738
6929,12235043,no,NO,ppb,6.5,2026-05-19T14:00:00+05:30,"Major Dhyan Chand National Stadium, Delhi - DPCC",28.611281,77.237738
6929,12235048,relativehumidity,RH,%,26.0,2026-05-19T14:00:00+05:30,"Major Dhyan Chand National Stadium, Delhi - DPCC",28.611281,77.237738
6929,12235042,co,CO,ppb,0.58,2026-05-19T14:00:00+05:30,"Major Dhyan Chand National Stadium, Delhi - DPCC",28.611281,77.237738
6929,12235050,temperature,Temperature (C),c,42.2,2026-05-19T14:00:00+05:30,"Major Dhyan Chand National Stadium, Delhi - DPCC",28.611281,77.237738
6929,12235049,so2,SO₂,ppb,9.3,2026-05-19T14:00:00+05:30,"Major Dhyan Chand National Stadium, Delhi - DPCC",28.611281,77.237738
6929,12235045,o3,O₃ mass,µg/m³,32.0,2026-05-19T14:00:00+05:30,"Major Dhyan Chand National Stadium, Delhi - DPCC",28.611281,77.237738
6929,12235046,pm10,PM10,µg/m³,118.0,2026-05-19T14:00:00+05:30,"Major Dhyan Chand National Stadium, Delhi - DPCC",28.611281,77.237738
6929,12235044,no2,NO₂,ppb,6.4,2026-05-19T14:00:00+05:30,"Major Dhyan Chand National Stadium, Delhi - DPCC",28.611281,77.237738
6929,14340752,nox,NOX,ppb,0.0087,2026-05-19T14:00:00+05:30,"Major Dhyan Chand National Stadium, Delhi - DPCC",28.611281,77.237738
6929,14340753,wind_direction,Wind direction,deg,226.0,2026-05-19T14:00:00+05:30,"Major Dhyan Chand National Stadium, Delhi - DPCC",28.611281,77.237738
6929,14340754,wind_speed,Wind speed,m/s,1.4,2026-05-19T14:00:00+05:30,"Major Dhyan Chand National Stadium, Delhi - DPCC",28.611281,77.237738
6931,20147,so2,SO₂ mass,µg/m³,1.7,2022-10-31T06:15:00+05:30,"Dwarka-Sector 8, Delhi - DPCC ",28.5710274,77.0719006
6931,19954,o3,O₃ mass,µg/m³,3.1,2022-10-31T06:15:00+05:30,"Dwarka-Sector 8, Delhi - DPCC ",28.5710274,77.0719006
6931,19956,no2,NO₂ mass,µg/m³,44.9,2022-10-31T06:15:00+05:30,"Dwarka-Sector 8, Delhi - DPCC ",28.5710274,77.0719006
6931,19957,co,CO mass,µg/m³,1400.0,2022-10-31T06:15:00+05:30,"Dwarka-Sector 8, Delhi - DPCC ",28.5710274,77.0719006
6931,20150,pm25,PM2.5,µg/m³,246.0,2022-10-31T06:15:00+05:30,"Dwarka-Sector 8, Delhi - DPCC ",28.5710274,77.0719006
6931,19906,pm10,PM10,µg/m³,423.0,2022-10-31T06:15:00+05:30,"Dwarka-Sector 8, Delhi - DPCC ",28.5710274,77.0719006
6931,12235022,so2,SO₂,ppb,13.5,2026-05-19T14:00:00+05:30,"Dwarka-Sector 8, Delhi - DPCC ",28.5710274,77.0719006
6931,12235015,co,CO,ppb,0.15,2026-05-19T14:00:00+05:30,"Dwarka-Sector 8, Delhi - DPCC ",28.5710274,77.0719006
6931,12235017,no2,NO₂,ppb,21.6,2026-05-19T14:00:00+05:30,"Dwarka-Sector 8, Delhi - DPCC ",28.5710274,77.0719006
6931,12235023,temperature,Temperature (C),c,43.1,2026-05-19T14:00:00+05:30,"Dwarka-Sector 8, Delhi - DPCC ",28.5710274,77.0719006
6931,12235021,relativehumidity,RH,%,26.0,2026-05-19T14:00:00+05:30,"Dwarka-Sector 8, Delhi - DPCC ",28.5710274,77.0719006
6931,12235016,no,NO,ppb,2.5,2026-05-19T14:00:00+05:30,"Dwarka-Sector 8, Delhi - DPCC ",28.5710274,77.0719006
6931,12235019,pm10,PM10,µg/m³,149.0,2026-05-19T14:00:00+05:30,"Dwarka-Sector 8, Delhi - DPCC ",28.5710274,77.0719006
6931,12235018,o3,O₃ mass,µg/m³,55.9,2026-05-19T14:00:00+05:30,"Dwarka-Sector 8, Delhi - DPCC ",28.5710274,77.0719006
6931,12235020,pm25,PM2.5,µg/m³,16.0,2026-05-19T14:00:00+05:30,"Dwarka-Sector 8, Delhi - DPCC ",28.5710274,77.0719006
6931,14340743,nox,NOX,ppb,0.0136,2026-05-19T14:00:00+05:30,"Dwarka-Sector 8, Delhi - DPCC ",28.5710274,77.0719006
6931,14340744,wind_direction,Wind direction,deg,238.0,2026-05-19T14:00:00+05:30,"Dwarka-Sector 8, Delhi - DPCC ",28.5710274,77.0719006
6931,14340745,wind_speed,Wind speed,m/s,0.8,2026-05-19T14:00:00+05:30,"Dwarka-Sector 8, Delhi - DPCC ",28.5710274,77.0719006
6932,19935,pm25,PM2.5,µg/m³,290.0,2022-10-31T06:00:00+05:30,"Alipur, Delhi - DPCC",28.815329,77.15301
6932,19948,no2,NO₂ mass,µg/m³,45.1,2022-10-31T06:00:00+05:30,"Alipur, Delhi - DPCC",28.815329,77.15301
6932,19939,co,CO mass,µg/m³,1300.0,2022-10-31T06:00:00+05:30,"Alipur, Delhi - DPCC",28.815329,77.15301
6932,19912,so2,SO₂ mass,µg/m³,16.5,2022-10-25T10:15:00+05:30,"Alipur, Delhi - DPCC",28.815329,77.15301
6932,19950,o3,O₃ mass,µg/m³,7.5,2022-10-31T06:00:00+05:30,"Alipur, Delhi - DPCC",28.815329,77.15301
6932,19936,pm10,PM10,µg/m³,449.0,2022-10-31T06:00:00+05:30,"Alipur, Delhi - DPCC",28.815329,77.15301
6932,12235699,relativehumidity,RH,%,26.0,2026-05-19T14:00:00+05:30,"Alipur, Delhi - DPCC",28.815329,77.15301
6932,12235698,pm25,PM2.5,µg/m³,28.0,2026-05-19T14:00:00+05:30,"Alipur, Delhi - DPCC",28.815329,77.15301
6932,12235697,pm10,PM10,µg/m³,175.0,2026-05-19T14:00:00+05:30,"Alipur, Delhi - DPCC",28.815329,77.15301
6932,12235693,co,CO,ppb,0.39,2026-05-19T14:00:00+05:30,"Alipur, Delhi - DPCC",28.815329,77.15301
6932,12235694,no,NO,ppb,2.9,2026-05-19T14:00:00+05:30,"Alipur, Delhi - DPCC",28.815329,77.15301
6932,12235700,so2,SO₂,ppb,3.4,2026-05-19T14:00:00+05:30,"Alipur, Delhi - DPCC",28.815329,77.15301
6932,12235695,no2,NO₂,ppb,18.7,2026-05-19T14:00:00+05:30,"Alipur, Delhi - DPCC",28.815329,77.15301
6932,12235701,temperature,Temperature (C),c,41.8,2026-05-19T14:00:00+05:30,"Alipur, Delhi - DPCC",28.815329,77.15301
6932,12235696,o3,O₃ mass,µg/m³,28.6,2026-05-19T14:00:00+05:30,"Alipur, Delhi - DPCC",28.815329,77.15301
6932,14340882,nox,NOX,ppb,0.0123,2026-05-19T14:00:00+05:30,"Alipur, Delhi - DPCC",28.815329,77.15301
6932,14340884,wind_speed,Wind speed,m/s,3.5,2026-05-19T14:00:00+05:30,"Alipur, Delhi - DPCC",28.815329,77.15301
6932,14340883,wind_direction,Wind direction,deg,166.0,2026-05-19T14:00:00+05:30,"Alipur, Delhi - DPCC",28.815329,77.15301
6934,19925,co,CO mass,µg/m³,2200.0,2022-10-31T06:00:00+05:30,"Dr. Karni Singh Shooting Range, Delhi - DPCC",28.498571,77.26484
6934,19919,pm25,PM2.5,µg/m³,245.0,2022-10-31T06:00:00+05:30,"Dr. Karni Singh Shooting Range, Delhi - DPCC",28.498571,77.26484
6934,19943,so2,SO₂ mass,µg/m³,9.9,2022-10-31T06:00:00+05:30,"Dr. Karni Singh Shooting Range, Delhi - DPCC",28.498571,77.26484
6934,19941,pm10,PM10,µg/m³,354.0,2022-10-31T06:00:00+05:30,"Dr. Karni Singh Shooting Range, Delhi - DPCC",28.498571,77.26484
6934,19930,no2,NO₂ mass,µg/m³,97.5,2022-10-31T06:00:00+05:30,"Dr. Karni Singh Shooting Range, Delhi - DPCC",28.498571,77.26484
6934,19917,o3,O₃ mass,µg/m³,2.1,2022-10-31T06:00:00+05:30,"Dr. Karni Singh Shooting Range, Delhi - DPCC",28.498571,77.26484
6934,12235007,no,NO,ppb,2.2,2026-05-19T14:00:00+05:30,"Dr. Karni Singh Shooting Range, Delhi - DPCC",28.498571,77.26484
6934,12235006,co,CO,ppb,0.08,2026-05-19T14:00:00+05:30,"Dr. Karni Singh Shooting Range, Delhi - DPCC",28.498571,77.26484
6934,12235010,pm10,PM10,µg/m³,152.0,2026-05-19T14:00:00+05:30,"Dr. Karni Singh Shooting Range, Delhi - DPCC",28.498571,77.26484
6934,12235011,pm25,PM2.5,µg/m³,14.0,2026-05-19T14:00:00+05:30,"Dr. Karni Singh Shooting Range, Delhi - DPCC",28.498571,77.26484
6934,12235014,temperature,Temperature (C),c,39.1,2026-05-19T14:00:00+05:30,"Dr. Karni Singh Shooting Range, Delhi - DPCC",28.498571,77.26484
6934,12235009,o3,O₃ mass,µg/m³,64.5,2026-05-19T14:00:00+05:30,"Dr. Karni Singh Shooting Range, Delhi - DPCC",28.498571,77.26484
6934,12235012,relativehumidity,RH,%,26.0,2026-05-19T14:00:00+05:30,"Dr. Karni Singh Shooting Range, Delhi - DPCC",28.498571,77.26484
6934,12235008,no2,NO₂,ppb,17.5,2026-05-19T14:00:00+05:30,"Dr. Karni Singh Shooting Range, Delhi - DPCC",28.498571,77.26484
6934,12235013,so2,SO₂,ppb,8.5,2026-05-19T14:00:00+05:30,"Dr. Karni Singh Shooting Range, Delhi - DPCC",28.498571,77.26484
6934,14340742,wind_speed,Wind speed,m/s,2.1,2026-05-19T14:00:00+05:30,"Dr. Karni Singh Shooting Range, Delhi - DPCC",28.498571,77.26484
6934,14340741,wind_direction,Wind direction,deg,98.0,2026-05-19T14:00:00+05:30,"Dr. Karni Singh Shooting Range, Delhi - DPCC",28.498571,77.26484
6934,14340740,nox,NOX,ppb,0.0112,2026-05-19T14:00:00+05:30,"Dr. Karni Singh Shooting Range, Delhi - DPCC",28.498571,77.26484
6936,19940,co,CO mass,µg/m³,790.0,2022-10-31T07:00:00+05:30,"Arya Nagar, Bahadurgarh - HSPCB",28.6701,76.9254
6936,19931,o3,O₃ mass,µg/m³,39.26,2022-10-31T07:00:00+05:30,"Arya Nagar, Bahadurgarh - HSPCB",28.6701,76.9254
6936,19922,pm25,PM2.5,µg/m³,238.8,2022-10-31T07:00:00+05:30,"Arya Nagar, Bahadurgarh - HSPCB",28.6701,76.9254
6936,19945,no2,NO₂ mass,µg/m³,19.85,2022-10-31T07:00:00+05:30,"Arya Nagar, Bahadurgarh - HSPCB",28.6701,76.9254
6936,19928,pm10,PM10,µg/m³,343.6,2022-10-31T07:00:00+05:30,"Arya Nagar, Bahadurgarh - HSPCB",28.6701,76.9254
6936,19920,so2,SO₂ mass,µg/m³,8.59,2022-10-31T07:00:00+05:30,"Arya Nagar, Bahadurgarh - HSPCB",28.6701,76.9254
6936,14233902,o3,O₃ mass,µg/m³,27.04,2026-05-19T14:00:00+05:30,"Arya Nagar, Bahadurgarh - HSPCB",28.6701,76.9254
6936,14233904,pm25,PM2.5,µg/m³,69.8,2026-05-19T14:00:00+05:30,"Arya Nagar, Bahadurgarh - HSPCB",28.6701,76.9254
6936,14341895,wind_speed,Wind speed,m/s,1.52,2026-05-19T14:00:00+05:30,"Arya Nagar, Bahadurgarh - HSPCB",28.6701,76.9254
6936,14341893,nox,NOX,ppb,0.02086,2026-05-19T14:00:00+05:30,"Arya Nagar, Bahadurgarh - HSPCB",28.6701,76.9254
6936,14233900,no,NO,ppb,10.91,2026-05-19T14:00:00+05:30,"Arya Nagar, Bahadurgarh - HSPCB",28.6701,76.9254
6936,14233907,temperature,Temperature (C),c,32.99,2026-05-19T14:00:00+05:30,"Arya Nagar, Bahadurgarh - HSPCB",28.6701,76.9254
6936,14233906,so2,SO₂,ppb,5.88,2026-05-19T14:00:00+05:30,"Arya Nagar, Bahadurgarh - HSPCB",28.6701,76.9254
6936,14233899,co,CO,ppb,1.0,2026-05-19T14:00:00+05:30,"Arya Nagar, Bahadurgarh - HSPCB",28.6701,76.9254
6936,14341894,wind_direction,Wind direction,deg,255.33,2026-05-19T14:00:00+05:30,"Arya Nagar, Bahadurgarh - HSPCB",28.6701,76.9254
6936,14233901,no2,NO₂,ppb,10.92,2026-05-19T14:00:00+05:30,"Arya Nagar, Bahadurgarh - HSPCB",28.6701,76.9254
6936,14233905,relativehumidity,RH,%,85.12,2026-05-19T14:00:00+05:30,"Arya Nagar, Bahadurgarh - HSPCB",28.6701,76.9254
6936,14233903,pm10,PM10,µg/m³,131.5,2026-05-19T14:00:00+05:30,"Arya Nagar, Bahadurgarh - HSPCB",28.6701,76.9254
6938,19932,o3,O₃ mass,µg/m³,9.0,2022-10-31T06:15:00+05:30,"Vivek Vihar, Delhi - DPCC",28.672342,77.31526
6938,19938,so2,SO₂ mass,µg/m³,0.6,2022-10-31T06:15:00+05:30,"Vivek Vihar, Delhi - DPCC",28.672342,77.31526
6938,19933,pm10,PM10,µg/m³,421.0,2022-10-31T06:15:00+05:30,"Vivek Vihar, Delhi - DPCC",28.672342,77.31526
6938,19934,pm25,PM2.5,µg/m³,287.0,2022-10-31T06:15:00+05:30,"Vivek Vihar, Delhi - DPCC",28.672342,77.31526
6938,19926,co,CO mass,µg/m³,3200.0,2022-10-31T06:15:00+05:30,"Vivek Vihar, Delhi - DPCC",28.672342,77.31526
6938,19929,no2,NO₂ mass,µg/m³,21.1,2022-10-31T06:15:00+05:30,"Vivek Vihar, Delhi - DPCC",28.672342,77.31526
6938,12235128,co,CO,ppb,0.94,2026-05-19T13:45:00+05:30,"Vivek Vihar, Delhi - DPCC",28.672342,77.31526
6938,12235135,so2,SO₂,ppb,6.2,2026-05-19T13:45:00+05:30,"Vivek Vihar, Delhi - DPCC",28.672342,77.31526
6938,12235129,no,NO,ppb,4.4,2026-05-19T13:45:00+05:30,"Vivek Vihar, Delhi - DPCC",28.672342,77.31526
6938,12235134,relativehumidity,RH,%,24.0,2026-05-19T13:45:00+05:30,"Vivek Vihar, Delhi - DPCC",28.672342,77.31526
6938,12235133,pm25,PM2.5,µg/m³,23.0,2026-05-19T13:45:00+05:30,"Vivek Vihar, Delhi - DPCC",28.672342,77.31526
6938,12235132,pm10,PM10,µg/m³,169.0,2026-05-19T13:45:00+05:30,"Vivek Vihar, Delhi - DPCC",28.672342,77.31526
6938,12235131,o3,O₃ mass,µg/m³,54.9,2026-05-19T13:45:00+05:30,"Vivek Vihar, Delhi - DPCC",28.672342,77.31526
6938,12235136,temperature,Temperature (C),c,39.9,2026-05-19T13:45:00+05:30,"Vivek Vihar, Delhi - DPCC",28.672342,77.31526
6938,12235130,no2,NO₂,ppb,29.2,2026-05-19T13:45:00+05:30,"Vivek Vihar, Delhi - DPCC",28.672342,77.31526
6938,14340779,wind_direction,Wind direction,deg,336.0,2026-05-19T13:45:00+05:30,"Vivek Vihar, Delhi - DPCC",28.672342,77.31526
6938,14340780,wind_speed,Wind speed,m/s,2.8,2026-05-19T13:45:00+05:30,"Vivek Vihar, Delhi - DPCC",28.672342,77.31526
6938,14340778,nox,NOX,ppb,0.019100000000000002,2026-05-19T13:45:00+05:30,"Vivek Vihar, Delhi - DPCC",28.672342,77.31526
6957,20018,o3,O₃ mass,µg/m³,9.1,2022-10-31T06:15:00+05:30,"Jawaharlal Nehru Stadium, Delhi - DPCC",28.58028,77.233829
6957,20019,pm10,PM10,µg/m³,317.0,2022-10-31T06:15:00+05:30,"Jawaharlal Nehru Stadium, Delhi - DPCC",28.58028,77.233829
6957,20021,so2,SO₂ mass,µg/m³,12.4,2022-10-31T06:15:00+05:30,"Jawaharlal Nehru Stadium, Delhi - DPCC",28.58028,77.233829
6957,20020,pm25,PM2.5,µg/m³,235.0,2022-10-31T06:15:00+05:30,"Jawaharlal Nehru Stadium, Delhi - DPCC",28.58028,77.233829
6957,20015,co,CO mass,µg/m³,700.0,2022-10-31T06:15:00+05:30,"Jawaharlal Nehru Stadium, Delhi - DPCC",28.58028,77.233829
6957,20017,no2,NO₂ mass,µg/m³,88.7,2022-10-31T06:15:00+05:30,"Jawaharlal Nehru Stadium, Delhi - DPCC",28.58028,77.233829
6957,12235034,no,NO,ppb,3.2,2026-05-19T14:15:00+05:30,"Jawaharlal Nehru Stadium, Delhi - DPCC",28.58028,77.233829
6957,12235037,pm10,PM10,µg/m³,150.0,2026-05-19T14:15:00+05:30,"Jawaharlal Nehru Stadium, Delhi - DPCC",28.58028,77.233829
6957,12235035,no2,NO₂,ppb,32.1,2026-05-19T14:15:00+05:30,"Jawaharlal Nehru Stadium, Delhi - DPCC",28.58028,77.233829
6957,12235041,temperature,Temperature (C),c,40.5,2026-05-19T13:30:00+05:30,"Jawaharlal Nehru Stadium, Delhi - DPCC",28.58028,77.233829
6957,12235038,pm25,PM2.5,µg/m³,30.0,2026-05-19T14:15:00+05:30,"Jawaharlal Nehru Stadium, Delhi - DPCC",28.58028,77.233829
6957,12235039,relativehumidity,RH,%,25.0,2026-05-19T13:30:00+05:30,"Jawaharlal Nehru Stadium, Delhi - DPCC",28.58028,77.233829
6957,12235040,so2,SO₂,ppb,7.2,2026-05-19T14:15:00+05:30,"Jawaharlal Nehru Stadium, Delhi - DPCC",28.58028,77.233829
6957,12235036,o3,O₃ mass,µg/m³,71.8,2026-05-19T14:15:00+05:30,"Jawaharlal Nehru Stadium, Delhi - DPCC",28.58028,77.233829
6957,12235033,co,CO,ppb,1.04,2026-05-19T14:15:00+05:30,"Jawaharlal Nehru Stadium, Delhi - DPCC",28.58028,77.233829
6957,14340750,wind_direction,Wind direction,deg,315.0,2026-05-19T13:30:00+05:30,"Jawaharlal Nehru Stadium, Delhi - DPCC",28.58028,77.233829
6957,14340749,nox,NOX,ppb,0.0197,2026-05-19T14:15:00+05:30,"Jawaharlal Nehru Stadium, Delhi - DPCC",28.58028,77.233829
6957,14340751,wind_speed,Wind speed,m/s,3.0,2026-05-19T13:30:00+05:30,"Jawaharlal Nehru Stadium, Delhi - DPCC",28.58028,77.233829
6960,20039,o3,O₃ mass,µg/m³,1.4,2022-10-31T06:15:00+05:30,"Patparganj, Delhi - DPCC",28.623748,77.287205
6960,20049,pm25,PM2.5,µg/m³,256.0,2022-10-31T06:15:00+05:30,"Patparganj, Delhi - DPCC",28.623748,77.287205
6960,20055,so2,SO₂ mass,µg/m³,3.6,2022-10-31T06:15:00+05:30,"Patparganj, Delhi - DPCC",28.623748,77.287205
6960,20037,no2,NO₂ mass,µg/m³,89.7,2022-10-31T06:15:00+05:30,"Patparganj, Delhi - DPCC",28.623748,77.287205
6960,20040,pm10,PM10,µg/m³,354.0,2022-10-31T06:15:00+05:30,"Patparganj, Delhi - DPCC",28.623748,77.287205
6960,12235104,temperature,Temperature (C),c,40.6,2026-05-19T14:00:00+05:30,"Patparganj, Delhi - DPCC",28.623748,77.287205
6960,12235098,no2,NO₂,ppb,1.0,2026-05-19T14:00:00+05:30,"Patparganj, Delhi - DPCC",28.623748,77.287205
6960,12235096,co,CO,ppb,0.11,2026-05-19T14:00:00+05:30,"Patparganj, Delhi - DPCC",28.623748,77.287205
6960,12235100,pm10,PM10,µg/m³,172.0,2026-05-19T14:00:00+05:30,"Patparganj, Delhi - DPCC",28.623748,77.287205
6960,12235097,no,NO,ppb,1.2,2026-05-19T14:00:00+05:30,"Patparganj, Delhi - DPCC",28.623748,77.287205
6960,12235099,o3,O₃ mass,µg/m³,134.6,2026-05-19T14:00:00+05:30,"Patparganj, Delhi - DPCC",28.623748,77.287205
6960,12235103,so2,SO₂,ppb,5.0,2026-05-19T14:00:00+05:30,"Patparganj, Delhi - DPCC",28.623748,77.287205
6960,12235102,relativehumidity,RH,%,27.0,2026-05-19T14:00:00+05:30,"Patparganj, Delhi - DPCC",28.623748,77.287205
6960,12235101,pm25,PM2.5,µg/m³,27.0,2026-05-19T14:00:00+05:30,"Patparganj, Delhi - DPCC",28.623748,77.287205
6960,14340769,nox,NOX,ppb,0.0015,2026-05-19T14:00:00+05:30,"Patparganj, Delhi - DPCC",28.623748,77.287205
6960,14340770,wind_direction,Wind direction,deg,190.0,2026-05-19T14:00:00+05:30,"Patparganj, Delhi - DPCC",28.623748,77.287205
6960,14340771,wind_speed,Wind speed,m/s,4.4,2026-05-19T14:00:00+05:30,"Patparganj, Delhi - DPCC",28.623748,77.287205
6980,20187,no2,NO₂ mass,µg/m³,121.1,2022-10-16T21:30:00+05:30,"Sector-1, Noida - UPPCB",28.589247,77.321962
6980,20207,so2,SO₂ mass,µg/m³,21.1,2022-10-16T21:30:00+05:30,"Sector-1, Noida - UPPCB",28.589247,77.321962
6980,20186,co,CO mass,µg/m³,8970.0,2022-10-13T11:45:00+05:30,"Sector-1, Noida - UPPCB",28.589247,77.321962
6980,20189,o3,O₃ mass,µg/m³,7.92,2022-10-16T21:30:00+05:30,"Sector-1, Noida - UPPCB",28.589247,77.321962
6980,20206,pm25,PM2.5,µg/m³,91.0,2022-10-16T21:30:00+05:30,"Sector-1, Noida - UPPCB",28.589247,77.321962
6980,20194,pm10,PM10,µg/m³,374.0,2022-10-16T21:30:00+05:30,"Sector-1, Noida - UPPCB",28.589247,77.321962
6980,12235948,no2,NO₂,ppb,47.1,2026-05-18T13:30:00+05:30,"Sector-1, Noida - UPPCB",28.589247,77.321962
6980,12235946,co,CO,ppb,0.71,2026-05-18T14:45:00+05:30,"Sector-1, Noida - UPPCB",28.589247,77.321962
6980,12235949,o3,O₃ mass,µg/m³,90.9,2026-05-18T14:45:00+05:30,"Sector-1, Noida - UPPCB",28.589247,77.321962
6980,12235950,pm10,PM10,µg/m³,328.0,2026-05-19T11:15:00+05:30,"Sector-1, Noida - UPPCB",28.589247,77.321962
6980,12235954,temperature,Temperature (C),c,44.0,2026-05-18T20:15:00+05:30,"Sector-1, Noida - UPPCB",28.589247,77.321962
6980,12235952,relativehumidity,RH,%,16.0,2026-05-18T20:15:00+05:30,"Sector-1, Noida - UPPCB",28.589247,77.321962
6980,12235953,so2,SO₂,ppb,13.0,2026-05-18T13:45:00+05:30,"Sector-1, Noida - UPPCB",28.589247,77.321962
6980,12235947,no,NO,ppb,6.7,2026-05-18T13:30:00+05:30,"Sector-1, Noida - UPPCB",28.589247,77.321962
6980,12235951,pm25,PM2.5,µg/m³,39.0,2026-05-19T11:15:00+05:30,"Sector-1, Noida - UPPCB",28.589247,77.321962
6980,14340948,wind_direction,Wind direction,deg,233.0,2026-05-18T20:15:00+05:30,"Sector-1, Noida - UPPCB",28.589247,77.321962
6980,14340947,nox,NOX,ppb,0.0305,2026-05-18T13:30:00+05:30,"Sector-1, Noida - UPPCB",28.589247,77.321962
6980,14340949,wind_speed,Wind speed,m/s,0.9,2026-05-18T20:15:00+05:30,"Sector-1, Noida - UPPCB",28.589247,77.321962
7005,20292,o3,O₃ mass,µg/m³,112.4,2022-10-26T13:15:00+05:30,"Loni, Ghaziabad - UPPCB",28.757294,77.278792
7005,20295,co,CO mass,µg/m³,2220.0,2022-10-31T07:30:00+05:30,"Loni, Ghaziabad - UPPCB",28.757294,77.278792
7005,20294,no2,NO₂ mass,µg/m³,70.0,2022-10-31T07:30:00+05:30,"Loni, Ghaziabad - UPPCB",28.757294,77.278792
7005,20290,pm25,PM2.5,µg/m³,224.0,2022-10-31T07:30:00+05:30,"Loni, Ghaziabad - UPPCB",28.757294,77.278792
7005,20293,pm10,PM10,µg/m³,311.0,2022-10-31T07:30:00+05:30,"Loni, Ghaziabad - UPPCB",28.757294,77.278792
7005,20291,so2,SO₂ mass,µg/m³,4.1,2022-10-31T07:30:00+05:30,"Loni, Ghaziabad - UPPCB",28.757294,77.278792
7005,12264381,o3,O₃ mass,µg/m³,74.7,2026-05-19T13:45:00+05:30,"Loni, Ghaziabad - UPPCB",28.757294,77.278792
7005,12235785,no2,NO₂,ppb,11.5,2026-05-19T13:45:00+05:30,"Loni, Ghaziabad - UPPCB",28.757294,77.278792
7005,12235788,relativehumidity,RH,%,24.0,2026-05-19T13:45:00+05:30,"Loni, Ghaziabad - UPPCB",28.757294,77.278792
7005,12235787,pm25,PM2.5,µg/m³,109.0,2026-05-19T13:45:00+05:30,"Loni, Ghaziabad - UPPCB",28.757294,77.278792
7005,12235784,no,NO,ppb,0.5,2026-05-19T13:45:00+05:30,"Loni, Ghaziabad - UPPCB",28.757294,77.278792
7005,12235790,temperature,Temperature (C),c,41.7,2026-05-19T13:45:00+05:30,"Loni, Ghaziabad - UPPCB",28.757294,77.278792
7005,12235786,pm10,PM10,µg/m³,364.0,2026-05-19T13:45:00+05:30,"Loni, Ghaziabad - UPPCB",28.757294,77.278792
7005,12235783,co,CO,ppb,0.74,2026-05-19T13:45:00+05:30,"Loni, Ghaziabad - UPPCB",28.757294,77.278792
7005,12235789,so2,SO₂,ppb,18.9,2026-05-19T13:45:00+05:30,"Loni, Ghaziabad - UPPCB",28.757294,77.278792
7005,14340911,wind_direction,Wind direction,deg,236.0,2026-05-19T13:45:00+05:30,"Loni, Ghaziabad - UPPCB",28.757294,77.278792
7005,14340912,wind_speed,Wind speed,m/s,5.2,2026-05-19T13:45:00+05:30,"Loni, Ghaziabad - UPPCB",28.757294,77.278792
7005,14340910,nox,NOX,ppb,0.3551,2026-05-19T13:45:00+05:30,"Loni, Ghaziabad - UPPCB",28.757294,77.278792
7044,20409,no2,NO₂ mass,µg/m³,90.1,2022-10-31T06:15:00+05:30,"R K Puram, Delhi - DPCC",28.563262000000005,77.186937
7044,20408,so2,SO₂ mass,µg/m³,11.0,2022-10-31T04:30:00+05:30,"R K Puram, Delhi - DPCC",28.563262000000005,77.186937
7044,20406,o3,O₃ mass,µg/m³,8.6,2022-10-31T06:15:00+05:30,"R K Puram, Delhi - DPCC",28.563262000000005,77.186937
7044,20411,pm25,PM2.5,µg/m³,268.0,2022-10-31T06:15:00+05:30,"R K Puram, Delhi - DPCC",28.563262000000005,77.186937
7044,20410,co,CO mass,µg/m³,2000.0,2022-10-30T16:45:00+05:30,"R K Puram, Delhi - DPCC",28.563262000000005,77.186937
7044,20407,pm10,PM10,µg/m³,364.0,2022-10-31T06:15:00+05:30,"R K Puram, Delhi - DPCC",28.563262000000005,77.186937
7434,21625,o3,O₃ mass,µg/m³,12.37,2020-02-10T08:30:00+05:30,"East Arjun Nagar, Delhi - CPCB",28.655601699999995,77.2859318
7434,21624,no2,NO₂ mass,µg/m³,95.95,2020-02-10T08:30:00+05:30,"East Arjun Nagar, Delhi - CPCB",28.655601699999995,77.2859318
7434,21623,so2,SO₂ mass,µg/m³,31.65,2020-02-10T08:30:00+05:30,"East Arjun Nagar, Delhi - CPCB",28.655601699999995,77.2859318
8092,23669,no2,NO₂ mass,µg/m³,35.02,2022-01-26T12:30:00+05:30,"East Arjun Nagar, Delhi - CPCB",28.655935,77.294904
8092,34750,so2,SO₂ mass,µg/m³,11.29,2022-01-26T12:30:00+05:30,"East Arjun Nagar, Delhi - CPCB",28.655935,77.294904
8092,23465,o3,O₃ mass,µg/m³,105.78,2022-01-26T12:30:00+05:30,"East Arjun Nagar, Delhi - CPCB",28.655935,77.294904
8118,23534,pm25,PM2.5,µg/m³,31.0,2026-05-19T15:00:00+05:30,New Delhi,28.63576,77.22445
8235,23998,so2,SO₂ mass,µg/m³,12.6,2022-10-31T06:15:00+05:30,"Jahangirpuri, Delhi - DPCC",28.73282,77.170633
8235,23997,pm25,PM2.5,µg/m³,250.0,2022-10-31T06:15:00+05:30,"Jahangirpuri, Delhi - DPCC",28.73282,77.170633
8235,23994,no2,NO₂ mass,µg/m³,82.5,2022-10-31T06:15:00+05:30,"Jahangirpuri, Delhi - DPCC",28.73282,77.170633
8235,23996,pm10,PM10,µg/m³,399.0,2022-10-31T06:15:00+05:30,"Jahangirpuri, Delhi - DPCC",28.73282,77.170633
8235,23995,o3,O₃ mass,µg/m³,0.5,2022-10-31T04:15:00+05:30,"Jahangirpuri, Delhi - DPCC",28.73282,77.170633
8235,23993,co,CO mass,µg/m³,700.0,2022-10-31T06:15:00+05:30,"Jahangirpuri, Delhi - DPCC",28.73282,77.170633
8235,12235028,pm10,PM10,µg/m³,162.0,2026-05-19T14:00:00+05:30,"Jahangirpuri, Delhi - DPCC",28.73282,77.170633
8235,12235027,o3,O₃ mass,µg/m³,52.8,2026-05-19T14:00:00+05:30,"Jahangirpuri, Delhi - DPCC",28.73282,77.170633
8235,12235025,no,NO,ppb,0.8,2026-05-19T14:00:00+05:30,"Jahangirpuri, Delhi - DPCC",28.73282,77.170633
8235,12235024,co,CO,ppb,1.26,2026-05-19T13:45:00+05:30,"Jahangirpuri, Delhi - DPCC",28.73282,77.170633
8235,12235029,pm25,PM2.5,µg/m³,18.0,2026-05-19T14:00:00+05:30,"Jahangirpuri, Delhi - DPCC",28.73282,77.170633
8235,12235030,relativehumidity,RH,%,27.0,2026-05-19T14:00:00+05:30,"Jahangirpuri, Delhi - DPCC",28.73282,77.170633
8235,12235032,temperature,Temperature (C),c,41.7,2026-05-19T14:00:00+05:30,"Jahangirpuri, Delhi - DPCC",28.73282,77.170633
8235,12235026,no2,NO₂,ppb,27.6,2026-05-19T14:00:00+05:30,"Jahangirpuri, Delhi - DPCC",28.73282,77.170633
8235,12235031,so2,SO₂,ppb,0.3,2026-05-19T13:45:00+05:30,"Jahangirpuri, Delhi - DPCC",28.73282,77.170633
8235,14340746,nox,NOX,ppb,0.0152,2026-05-19T14:00:00+05:30,"Jahangirpuri, Delhi - DPCC",28.73282,77.170633
8235,14340747,wind_direction,Wind direction,deg,276.0,2026-05-19T14:00:00+05:30,"Jahangirpuri, Delhi - DPCC",28.73282,77.170633
8235,14340748,wind_speed,Wind speed,m/s,1.2,2026-05-19T14:00:00+05:30,"Jahangirpuri, Delhi - DPCC",28.73282,77.170633
8239,24008,no2,NO₂ mass,µg/m³,71.5,2022-10-31T06:15:00+05:30,"Okhla Phase-2, Delhi - DPCC",28.530785,77.271255
8239,24007,pm25,PM2.5,µg/m³,266.0,2022-10-31T06:15:00+05:30,"Okhla Phase-2, Delhi - DPCC",28.530785,77.271255
8239,24009,so2,SO₂ mass,µg/m³,5.2,2022-10-31T06:15:00+05:30,"Okhla Phase-2, Delhi - DPCC",28.530785,77.271255
8239,24011,pm10,PM10,µg/m³,403.0,2022-10-31T06:15:00+05:30,"Okhla Phase-2, Delhi - DPCC",28.530785,77.271255
8239,24010,co,CO mass,µg/m³,3000.0,2022-10-31T06:15:00+05:30,"Okhla Phase-2, Delhi - DPCC",28.530785,77.271255
8239,24012,o3,O₃ mass,µg/m³,6.7,2022-10-31T06:15:00+05:30,"Okhla Phase-2, Delhi - DPCC",28.530785,77.271255
8239,12235073,pm10,PM10,µg/m³,143.0,2026-05-19T14:00:00+05:30,"Okhla Phase-2, Delhi - DPCC",28.530785,77.271255
8239,12235069,co,CO,ppb,0.02,2026-05-19T14:00:00+05:30,"Okhla Phase-2, Delhi - DPCC",28.530785,77.271255
8239,12235072,o3,O₃ mass,µg/m³,50.0,2026-05-19T14:00:00+05:30,"Okhla Phase-2, Delhi - DPCC",28.530785,77.271255
8239,12235070,no,NO,ppb,1.6,2026-05-19T14:00:00+05:30,"Okhla Phase-2, Delhi - DPCC",28.530785,77.271255
8239,12235071,no2,NO₂,ppb,13.9,2026-05-19T14:00:00+05:30,"Okhla Phase-2, Delhi - DPCC",28.530785,77.271255
8239,12235077,temperature,Temperature (C),c,41.7,2026-05-19T14:00:00+05:30,"Okhla Phase-2, Delhi - DPCC",28.530785,77.271255
8239,12235075,relativehumidity,RH,%,26.0,2026-05-19T14:00:00+05:30,"Okhla Phase-2, Delhi - DPCC",28.530785,77.271255
8239,12235076,so2,SO₂,ppb,7.3,2026-05-19T14:00:00+05:30,"Okhla Phase-2, Delhi - DPCC",28.530785,77.271255
8239,12235074,pm25,PM2.5,µg/m³,25.0,2026-05-19T14:00:00+05:30,"Okhla Phase-2, Delhi - DPCC",28.530785,77.271255
8239,14340763,wind_speed,Wind speed,m/s,1.4,2026-05-19T14:00:00+05:30,"Okhla Phase-2, Delhi - DPCC",28.530785,77.271255
8239,14340762,wind_direction,Wind direction,deg,131.0,2026-05-19T14:00:00+05:30,"Okhla Phase-2, Delhi - DPCC",28.530785,77.271255
8239,14340761,nox,NOX,ppb,0.0087,2026-05-19T14:00:00+05:30,"Okhla Phase-2, Delhi - DPCC",28.530785,77.271255
8365,34799,co,CO mass,µg/m³,300.0,2022-10-31T06:15:00+05:30,"Nehru Nagar, Delhi - DPCC",28.56789,77.250515
8365,35010,pm25,PM2.5,µg/m³,280.0,2022-10-31T06:15:00+05:30,"Nehru Nagar, Delhi - DPCC",28.56789,77.250515
8365,35012,pm10,PM10,µg/m³,349.0,2022-10-31T06:15:00+05:30,"Nehru Nagar, Delhi - DPCC",28.56789,77.250515
8365,35009,so2,SO₂ mass,µg/m³,5.7,2022-10-31T06:15:00+05:30,"Nehru Nagar, Delhi - DPCC",28.56789,77.250515
8365,35017,o3,O₃ mass,µg/m³,6.8,2022-10-31T06:15:00+05:30,"Nehru Nagar, Delhi - DPCC",28.56789,77.250515
8365,24303,no2,NO₂ mass,µg/m³,91.0,2022-10-31T06:15:00+05:30,"Nehru Nagar, Delhi - DPCC",28.56789,77.250515
8365,12235084,relativehumidity,RH,%,24.0,2026-05-19T14:00:00+05:30,"Nehru Nagar, Delhi - DPCC",28.56789,77.250515
8365,12235085,so2,SO₂,ppb,9.1,2026-05-19T13:45:00+05:30,"Nehru Nagar, Delhi - DPCC",28.56789,77.250515
8365,12235081,o3,O₃ mass,µg/m³,53.3,2026-05-19T14:00:00+05:30,"Nehru Nagar, Delhi - DPCC",28.56789,77.250515
8365,12235083,pm25,PM2.5,µg/m³,29.0,2026-05-19T14:00:00+05:30,"Nehru Nagar, Delhi - DPCC",28.56789,77.250515
8365,12235082,pm10,PM10,µg/m³,162.0,2026-05-19T14:00:00+05:30,"Nehru Nagar, Delhi - DPCC",28.56789,77.250515
8365,12235078,co,CO,ppb,1.16,2026-05-19T14:00:00+05:30,"Nehru Nagar, Delhi - DPCC",28.56789,77.250515
8365,12235086,temperature,Temperature (C),c,44.1,2026-05-19T14:00:00+05:30,"Nehru Nagar, Delhi - DPCC",28.56789,77.250515
8365,12235079,no,NO,ppb,2.9,2026-05-19T14:00:00+05:30,"Nehru Nagar, Delhi - DPCC",28.56789,77.250515
8365,12235080,no2,NO₂,ppb,41.5,2026-05-19T14:00:00+05:30,"Nehru Nagar, Delhi - DPCC",28.56789,77.250515
8365,14341775,wind_direction,Wind direction,deg,233.0,2026-05-19T14:00:00+05:30,"Nehru Nagar, Delhi - DPCC",28.56789,77.250515
8365,14340764,nox,NOX,ppb,0.024399999999999998,2026-05-19T14:00:00+05:30,"Nehru Nagar, Delhi - DPCC",28.56789,77.250515
8365,14340765,wind_speed,Wind speed,m/s,1.0,2026-05-19T14:00:00+05:30,"Nehru Nagar, Delhi - DPCC",28.56789,77.250515
8472,24602,pm10,PM10,µg/m³,493.0,2022-10-31T06:15:00+05:30,"Bawana, Delhi - DPCC",28.7762,77.051074
8472,36394,no2,NO₂ mass,µg/m³,22.8,2022-10-31T06:15:00+05:30,"Bawana, Delhi - DPCC",28.7762,77.051074
8472,36395,co,CO mass,µg/m³,1300.0,2022-10-31T06:15:00+05:30,"Bawana, Delhi - DPCC",28.7762,77.051074
8472,36393,o3,O₃ mass,µg/m³,4.6,2022-10-31T06:15:00+05:30,"Bawana, Delhi - DPCC",28.7762,77.051074
8472,36391,pm25,PM2.5,µg/m³,296.0,2022-10-31T06:15:00+05:30,"Bawana, Delhi - DPCC",28.7762,77.051074
8472,12235294,pm25,PM2.5,µg/m³,24.0,2026-05-19T14:00:00+05:30,"Bawana, Delhi - DPCC",28.7762,77.051074
8472,12235293,pm10,PM10,µg/m³,140.0,2026-05-19T14:00:00+05:30,"Bawana, Delhi - DPCC",28.7762,77.051074
8472,12235297,temperature,Temperature (C),c,42.3,2026-05-19T14:00:00+05:30,"Bawana, Delhi - DPCC",28.7762,77.051074
8472,12235295,relativehumidity,RH,%,25.0,2026-05-19T14:00:00+05:30,"Bawana, Delhi - DPCC",28.7762,77.051074
8472,12235296,so2,SO₂,ppb,12.7,2026-05-19T14:00:00+05:30,"Bawana, Delhi - DPCC",28.7762,77.051074
8472,12235290,no,NO,ppb,4.3,2026-05-19T14:00:00+05:30,"Bawana, Delhi - DPCC",28.7762,77.051074
8472,12235291,no2,NO₂,ppb,2.4,2026-05-19T14:00:00+05:30,"Bawana, Delhi - DPCC",28.7762,77.051074
8472,12235292,o3,O₃ mass,µg/m³,28.9,2026-05-19T14:00:00+05:30,"Bawana, Delhi - DPCC",28.7762,77.051074
8472,12235289,co,CO,ppb,0.21,2026-05-19T14:00:00+05:30,"Bawana, Delhi - DPCC",28.7762,77.051074
8472,14340809,wind_direction,Wind direction,deg,223.0,2026-05-19T14:00:00+05:30,"Bawana, Delhi - DPCC",28.7762,77.051074
8472,14340808,nox,NOX,ppb,0.0048,2026-05-19T14:00:00+05:30,"Bawana, Delhi - DPCC",28.7762,77.051074
8472,14340810,wind_speed,Wind speed,m/s,1.6,2026-05-19T14:00:00+05:30,"Bawana, Delhi - DPCC",28.7762,77.051074
8475,35049,pm10,PM10,µg/m³,427.0,2022-10-31T06:15:00+05:30,"Sonia Vihar, Delhi - DPCC",28.710508,77.249485
8475,24615,co,CO mass,µg/m³,4.2,2022-10-31T06:15:00+05:30,"Sonia Vihar, Delhi - DPCC",28.710508,77.249485
8475,35047,no2,NO₂ mass,µg/m³,50.0,2022-10-31T06:15:00+05:30,"Sonia Vihar, Delhi - DPCC",28.710508,77.249485
8475,35048,o3,O₃ mass,µg/m³,3.8,2022-10-31T06:15:00+05:30,"Sonia Vihar, Delhi - DPCC",28.710508,77.249485
8475,35051,so2,SO₂ mass,µg/m³,6.0,2022-10-31T06:15:00+05:30,"Sonia Vihar, Delhi - DPCC",28.710508,77.249485
8475,35050,pm25,PM2.5,µg/m³,310.0,2022-10-31T06:15:00+05:30,"Sonia Vihar, Delhi - DPCC",28.710508,77.249485
8475,12235109,pm10,PM10,µg/m³,136.0,2026-05-19T14:15:00+05:30,"Sonia Vihar, Delhi - DPCC",28.710508,77.249485
8475,12235107,no2,NO₂,ppb,7.5,2026-05-19T14:15:00+05:30,"Sonia Vihar, Delhi - DPCC",28.710508,77.249485
8475,12235110,pm25,PM2.5,µg/m³,13.0,2026-05-19T14:00:00+05:30,"Sonia Vihar, Delhi - DPCC",28.710508,77.249485
8475,12235106,no,NO,ppb,2.7,2026-05-19T14:15:00+05:30,"Sonia Vihar, Delhi - DPCC",28.710508,77.249485
8475,12235111,relativehumidity,RH,%,26.0,2026-05-19T14:15:00+05:30,"Sonia Vihar, Delhi - DPCC",28.710508,77.249485
8475,12235113,temperature,Temperature (C),c,40.0,2026-05-19T14:15:00+05:30,"Sonia Vihar, Delhi - DPCC",28.710508,77.249485
8475,12235108,o3,O₃ mass,µg/m³,112.5,2026-05-19T14:15:00+05:30,"Sonia Vihar, Delhi - DPCC",28.710508,77.249485
8475,12235105,co,CO,ppb,4.5,2026-05-19T14:15:00+05:30,"Sonia Vihar, Delhi - DPCC",28.710508,77.249485
8475,12235112,so2,SO₂,ppb,9.6,2026-05-19T14:15:00+05:30,"Sonia Vihar, Delhi - DPCC",28.710508,77.249485
8475,14341776,wind_direction,Wind direction,deg,58.0,2026-05-19T14:15:00+05:30,"Sonia Vihar, Delhi - DPCC",28.710508,77.249485
8475,14340772,nox,NOX,ppb,0.0060999999999999995,2026-05-19T14:15:00+05:30,"Sonia Vihar, Delhi - DPCC",28.710508,77.249485
8475,14340773,wind_speed,Wind speed,m/s,1.6,2026-05-19T14:15:00+05:30,"Sonia Vihar, Delhi - DPCC",28.710508,77.249485
8915,34732,no2,NO₂ mass,µg/m³,32.8,2022-10-31T06:15:00+05:30,"Wazirpur, Delhi - DPCC",28.699793,77.165453
8915,34729,so2,SO₂ mass,µg/m³,7.5,2022-10-31T06:15:00+05:30,"Wazirpur, Delhi - DPCC",28.699793,77.165453
8915,26026,pm10,PM10,µg/m³,337.0,2022-10-31T06:15:00+05:30,"Wazirpur, Delhi - DPCC",28.699793,77.165453
8915,34728,co,CO mass,µg/m³,0.1,2022-10-31T04:30:00+05:30,"Wazirpur, Delhi - DPCC",28.699793,77.165453
8915,34731,pm25,PM2.5,µg/m³,210.0,2022-10-31T06:15:00+05:30,"Wazirpur, Delhi - DPCC",28.699793,77.165453
8915,34730,o3,O₃ mass,µg/m³,5.1,2022-10-31T06:15:00+05:30,"Wazirpur, Delhi - DPCC",28.699793,77.165453
8915,12235124,pm25,PM2.5,µg/m³,27.0,2026-05-19T14:15:00+05:30,"Wazirpur, Delhi - DPCC",28.699793,77.165453
8915,12235127,temperature,Temperature (C),c,39.6,2026-05-19T14:15:00+05:30,"Wazirpur, Delhi - DPCC",28.699793,77.165453
8915,12235125,relativehumidity,RH,%,26.0,2026-05-19T14:15:00+05:30,"Wazirpur, Delhi - DPCC",28.699793,77.165453
8915,12235119,co,CO,ppb,0.47,2026-05-19T14:15:00+05:30,"Wazirpur, Delhi - DPCC",28.699793,77.165453
8915,12235122,o3,O₃ mass,µg/m³,44.6,2026-05-19T14:15:00+05:30,"Wazirpur, Delhi - DPCC",28.699793,77.165453
8915,12235121,no2,NO₂,ppb,40.0,2026-05-19T14:15:00+05:30,"Wazirpur, Delhi - DPCC",28.699793,77.165453
8915,12235123,pm10,PM10,µg/m³,189.0,2026-05-19T14:15:00+05:30,"Wazirpur, Delhi - DPCC",28.699793,77.165453
8915,12235120,no,NO,ppb,4.1,2026-05-19T14:15:00+05:30,"Wazirpur, Delhi - DPCC",28.699793,77.165453
8915,12235126,so2,SO₂,ppb,7.0,2026-05-19T14:15:00+05:30,"Wazirpur, Delhi - DPCC",28.699793,77.165453
8915,14340776,wind_direction,Wind direction,deg,178.0,2026-05-19T14:15:00+05:30,"Wazirpur, Delhi - DPCC",28.699793,77.165453
8915,14340777,wind_speed,Wind speed,m/s,3.6,2026-05-19T14:15:00+05:30,"Wazirpur, Delhi - DPCC",28.699793,77.165453
8915,14340775,nox,NOX,ppb,0.0246,2026-05-19T14:15:00+05:30,"Wazirpur, Delhi - DPCC",28.699793,77.165453
8917,26032,pm25,PM2.5,µg/m³,277.0,2022-10-31T06:15:00+05:30,"Ashok Vihar, Delhi - DPCC",28.695381,77.181665
8917,34762,co,CO mass,µg/m³,800.0,2022-10-31T04:30:00+05:30,"Ashok Vihar, Delhi - DPCC",28.695381,77.181665
8917,34785,pm10,PM10,µg/m³,392.0,2022-10-31T06:15:00+05:30,"Ashok Vihar, Delhi - DPCC",28.695381,77.181665
8917,34768,no2,NO₂ mass,µg/m³,34.6,2022-10-31T06:15:00+05:30,"Ashok Vihar, Delhi - DPCC",28.695381,77.181665
8917,34786,so2,SO₂ mass,µg/m³,0.9,2022-10-31T06:15:00+05:30,"Ashok Vihar, Delhi - DPCC",28.695381,77.181665
8917,34782,o3,O₃ mass,µg/m³,3.0,2022-10-31T06:15:00+05:30,"Ashok Vihar, Delhi - DPCC",28.695381,77.181665
8917,12234998,no,NO,ppb,3.4,2026-05-19T14:00:00+05:30,"Ashok Vihar, Delhi - DPCC",28.695381,77.181665
8917,12235005,temperature,Temperature (C),c,40.4,2026-05-19T14:00:00+05:30,"Ashok Vihar, Delhi - DPCC",28.695381,77.181665
8917,12234997,co,CO,ppb,0.02,2026-05-19T11:45:00+05:30,"Ashok Vihar, Delhi - DPCC",28.695381,77.181665
8917,12235000,o3,O₃ mass,µg/m³,52.2,2026-05-19T14:00:00+05:30,"Ashok Vihar, Delhi - DPCC",28.695381,77.181665
8917,12234999,no2,NO₂,ppb,12.4,2026-05-19T14:00:00+05:30,"Ashok Vihar, Delhi - DPCC",28.695381,77.181665
8917,12235002,pm25,PM2.5,µg/m³,64.0,2026-05-19T14:00:00+05:30,"Ashok Vihar, Delhi - DPCC",28.695381,77.181665
8917,12235003,relativehumidity,RH,%,25.0,2026-05-19T14:00:00+05:30,"Ashok Vihar, Delhi - DPCC",28.695381,77.181665
8917,12235004,so2,SO₂,ppb,10.0,2026-05-19T13:45:00+05:30,"Ashok Vihar, Delhi - DPCC",28.695381,77.181665
8917,12235001,pm10,PM10,µg/m³,135.0,2026-05-19T14:00:00+05:30,"Ashok Vihar, Delhi - DPCC",28.695381,77.181665
8917,14340737,nox,NOX,ppb,0.0094,2026-05-19T14:00:00+05:30,"Ashok Vihar, Delhi - DPCC",28.695381,77.181665
8917,14340738,wind_direction,Wind direction,deg,171.0,2026-05-19T14:00:00+05:30,"Ashok Vihar, Delhi - DPCC",28.695381,77.181665
8917,14340739,wind_speed,Wind speed,m/s,3.6,2026-05-19T14:00:00+05:30,"Ashok Vihar, Delhi - DPCC",28.695381,77.181665
10484,34757,o3,O₃ mass,µg/m³,6.1,2022-10-31T06:15:00+05:30,"Sri Aurobindo Marg, Delhi - DPCC",28.531346,77.190156
10484,34772,pm25,PM2.5,µg/m³,232.0,2022-10-31T06:15:00+05:30,"Sri Aurobindo Marg, Delhi - DPCC",28.531346,77.190156
10484,34758,no2,NO₂ mass,µg/m³,25.4,2022-10-31T06:15:00+05:30,"Sri Aurobindo Marg, Delhi - DPCC",28.531346,77.190156
10484,34761,co,CO mass,µg/m³,1300.0,2022-10-31T06:15:00+05:30,"Sri Aurobindo Marg, Delhi - DPCC",28.531346,77.190156
10484,34759,so2,SO₂ mass,µg/m³,3.8,2022-10-31T06:15:00+05:30,"Sri Aurobindo Marg, Delhi - DPCC",28.531346,77.190156
10484,34781,pm10,PM10,µg/m³,309.0,2022-10-31T06:15:00+05:30,"Sri Aurobindo Marg, Delhi - DPCC",28.531346,77.190156
10484,12235314,so2,SO₂,ppb,17.3,2026-05-19T14:00:00+05:30,"Sri Aurobindo Marg, Delhi - DPCC",28.531346,77.190156
10484,12235308,no,NO,ppb,2.8,2026-05-19T14:00:00+05:30,"Sri Aurobindo Marg, Delhi - DPCC",28.531346,77.190156
10484,12235312,pm25,PM2.5,µg/m³,31.0,2026-05-19T14:00:00+05:30,"Sri Aurobindo Marg, Delhi - DPCC",28.531346,77.190156
10484,12235313,relativehumidity,RH,%,25.0,2026-05-19T14:00:00+05:30,"Sri Aurobindo Marg, Delhi - DPCC",28.531346,77.190156
10484,12235307,co,CO,ppb,0.27,2026-05-19T14:00:00+05:30,"Sri Aurobindo Marg, Delhi - DPCC",28.531346,77.190156
10484,12235309,no2,NO₂,ppb,6.8,2026-05-19T14:00:00+05:30,"Sri Aurobindo Marg, Delhi - DPCC",28.531346,77.190156
10484,12235311,pm10,PM10,µg/m³,145.0,2026-05-19T14:00:00+05:30,"Sri Aurobindo Marg, Delhi - DPCC",28.531346,77.190156
10484,12235310,o3,O₃ mass,µg/m³,57.5,2026-05-19T14:00:00+05:30,"Sri Aurobindo Marg, Delhi - DPCC",28.531346,77.190156
10484,12235315,temperature,Temperature (C),c,42.5,2026-05-19T14:00:00+05:30,"Sri Aurobindo Marg, Delhi - DPCC",28.531346,77.190156
10484,14340814,nox,NOX,ppb,0.005900000000000001,2026-05-19T14:00:00+05:30,"Sri Aurobindo Marg, Delhi - DPCC",28.531346,77.190156
10484,14340815,wind_direction,Wind direction,deg,163.0,2026-05-19T14:00:00+05:30,"Sri Aurobindo Marg, Delhi - DPCC",28.531346,77.190156
10484,14340816,wind_speed,Wind speed,m/s,4.0,2026-05-19T14:00:00+05:30,"Sri Aurobindo Marg, Delhi - DPCC",28.531346,77.190156
10485,34792,o3,O₃ mass,µg/m³,3.9,2022-10-31T06:15:00+05:30,"Narela, Delhi - DPCC",28.822836,77.101981
10485,34776,co,CO mass,µg/m³,100.0,2022-10-31T06:15:00+05:30,"Narela, Delhi - DPCC",28.822836,77.101981
10485,34790,pm25,PM2.5,µg/m³,295.0,2022-10-31T06:15:00+05:30,"Narela, Delhi - DPCC",28.822836,77.101981
10485,34789,so2,SO₂ mass,µg/m³,2.2,2022-10-31T06:15:00+05:30,"Narela, Delhi - DPCC",28.822836,77.101981
10485,34760,no2,NO₂ mass,µg/m³,66.6,2022-10-31T06:15:00+05:30,"Narela, Delhi - DPCC",28.822836,77.101981
10485,34791,pm10,PM10,µg/m³,429.0,2022-10-31T06:15:00+05:30,"Narela, Delhi - DPCC",28.822836,77.101981
10485,12235051,co,CO,ppb,0.3,2026-05-19T14:00:00+05:30,"Narela, Delhi - DPCC",28.822836,77.101981
10485,12235058,so2,SO₂,ppb,3.2,2026-05-19T14:00:00+05:30,"Narela, Delhi - DPCC",28.822836,77.101981
10485,12235057,relativehumidity,RH,%,26.0,2026-05-19T14:00:00+05:30,"Narela, Delhi - DPCC",28.822836,77.101981
10485,12235059,temperature,Temperature (C),c,41.5,2026-05-19T14:00:00+05:30,"Narela, Delhi - DPCC",28.822836,77.101981
10485,12235055,pm10,PM10,µg/m³,144.0,2026-05-19T14:00:00+05:30,"Narela, Delhi - DPCC",28.822836,77.101981
10485,12235053,no2,NO₂,ppb,5.0,2026-05-19T14:00:00+05:30,"Narela, Delhi - DPCC",28.822836,77.101981
10485,12235056,pm25,PM2.5,µg/m³,30.0,2026-05-19T14:00:00+05:30,"Narela, Delhi - DPCC",28.822836,77.101981
10485,12235052,no,NO,ppb,4.4,2026-05-19T14:00:00+05:30,"Narela, Delhi - DPCC",28.822836,77.101981
10485,12235054,o3,O₃ mass,µg/m³,26.7,2026-05-19T14:00:00+05:30,"Narela, Delhi - DPCC",28.822836,77.101981
10485,14340756,wind_direction,Wind direction,deg,218.0,2026-05-19T14:00:00+05:30,"Narela, Delhi - DPCC",28.822836,77.101981
10485,14340755,nox,NOX,ppb,0.0062,2026-05-19T14:00:00+05:30,"Narela, Delhi - DPCC",28.822836,77.101981
10485,14340757,wind_speed,Wind speed,m/s,2.4,2026-05-19T14:00:00+05:30,"Narela, Delhi - DPCC",28.822836,77.101981
10486,34766,pm10,PM10,µg/m³,313.0,2022-10-31T06:15:00+05:30,"Mundka, Delhi - DPCC",28.684678,77.076574
10486,34769,so2,SO₂ mass,µg/m³,9.2,2022-10-31T06:15:00+05:30,"Mundka, Delhi - DPCC",28.684678,77.076574
10486,34764,no2,NO₂ mass,µg/m³,65.9,2022-10-31T06:15:00+05:30,"Mundka, Delhi - DPCC",28.684678,77.076574
10486,34767,pm25,PM2.5,µg/m³,239.0,2022-10-31T06:15:00+05:30,"Mundka, Delhi - DPCC",28.684678,77.076574
10486,34765,o3,O₃ mass,µg/m³,15.2,2022-10-31T06:15:00+05:30,"Mundka, Delhi - DPCC",28.684678,77.076574
10486,34763,co,CO mass,µg/m³,600.0,2022-10-31T06:15:00+05:30,"Mundka, Delhi - DPCC",28.684678,77.076574
10486,12235306,temperature,Temperature (C),c,43.4,2026-05-19T14:00:00+05:30,"Mundka, Delhi - DPCC",28.684678,77.076574
10486,12235300,no2,NO₂,ppb,50.9,2026-05-19T14:00:00+05:30,"Mundka, Delhi - DPCC",28.684678,77.076574
10486,12235302,pm10,PM10,µg/m³,161.0,2026-05-19T14:00:00+05:30,"Mundka, Delhi - DPCC",28.684678,77.076574
10486,12235304,relativehumidity,RH,%,26.0,2026-05-19T14:00:00+05:30,"Mundka, Delhi - DPCC",28.684678,77.076574
10486,12235305,so2,SO₂,ppb,6.5,2026-05-19T13:45:00+05:30,"Mundka, Delhi - DPCC",28.684678,77.076574
10486,12235299,no,NO,ppb,4.9,2026-05-19T14:00:00+05:30,"Mundka, Delhi - DPCC",28.684678,77.076574
10486,12235298,co,CO,ppb,0.53,2026-05-19T14:00:00+05:30,"Mundka, Delhi - DPCC",28.684678,77.076574
10486,12235303,pm25,PM2.5,µg/m³,20.0,2026-05-19T14:00:00+05:30,"Mundka, Delhi - DPCC",28.684678,77.076574
10486,12235301,o3,O₃ mass,µg/m³,62.3,2026-05-19T14:00:00+05:30,"Mundka, Delhi - DPCC",28.684678,77.076574
10486,14340811,nox,NOX,ppb,0.031,2026-05-19T14:00:00+05:30,"Mundka, Delhi - DPCC",28.684678,77.076574
10486,14340812,wind_direction,Wind direction,deg,257.0,2026-05-19T14:00:00+05:30,"Mundka, Delhi - DPCC",28.684678,77.076574
10486,14340813,wind_speed,Wind speed,m/s,1.8,2026-05-19T14:00:00+05:30,"Mundka, Delhi - DPCC",28.684678,77.076574
10487,34780,pm10,PM10,µg/m³,30.0,2021-09-20T13:15:00+05:30,"Anand Vihar, Delhi - DPCC",28.646835,77.316032
10487,34783,o3,O₃ mass,µg/m³,25.8,2021-09-20T13:15:00+05:30,"Anand Vihar, Delhi - DPCC",28.646835,77.316032
10487,34784,no2,NO₂ mass,µg/m³,17.5,2021-09-20T13:15:00+05:30,"Anand Vihar, Delhi - DPCC",28.646835,77.316032
10487,34771,pm25,PM2.5,µg/m³,50.0,2021-09-20T11:15:00+05:30,"Anand Vihar, Delhi - DPCC",28.646835,77.316032
10487,34770,so2,SO₂ mass,µg/m³,2.4,2021-09-20T13:15:00+05:30,"Anand Vihar, Delhi - DPCC",28.646835,77.316032
10487,34787,co,CO mass,µg/m³,2800.0,2021-09-20T13:15:00+05:30,"Anand Vihar, Delhi - DPCC",28.646835,77.316032
10488,34775,pm10,PM10,µg/m³,282.0,2022-10-31T06:15:00+05:30,"Najafgarh, Delhi - DPCC",28.570173,76.933762
10488,34774,pm25,PM2.5,µg/m³,204.0,2022-10-31T06:15:00+05:30,"Najafgarh, Delhi - DPCC",28.570173,76.933762
10488,34777,o3,O₃ mass,µg/m³,0.2,2022-10-31T03:45:00+05:30,"Najafgarh, Delhi - DPCC",28.570173,76.933762
10488,34773,so2,SO₂ mass,µg/m³,0.9,2022-10-31T06:15:00+05:30,"Najafgarh, Delhi - DPCC",28.570173,76.933762
10488,34778,no2,NO₂ mass,µg/m³,24.1,2022-10-31T06:15:00+05:30,"Najafgarh, Delhi - DPCC",28.570173,76.933762
10488,34779,co,CO mass,µg/m³,1400.0,2022-10-31T06:15:00+05:30,"Najafgarh, Delhi - DPCC",28.570173,76.933762
10488,12235067,so2,SO₂,ppb,3.5,2026-05-19T14:15:00+05:30,"Najafgarh, Delhi - DPCC",28.570173,76.933762
10488,12235064,pm10,PM10,µg/m³,100.0,2026-05-19T14:15:00+05:30,"Najafgarh, Delhi - DPCC",28.570173,76.933762
10488,12235062,no2,NO₂,ppb,26.2,2026-05-19T14:15:00+05:30,"Najafgarh, Delhi - DPCC",28.570173,76.933762
10488,12235066,relativehumidity,RH,%,25.0,2026-05-19T14:15:00+05:30,"Najafgarh, Delhi - DPCC",28.570173,76.933762
10488,12235061,no,NO,ppb,2.8,2026-05-19T14:15:00+05:30,"Najafgarh, Delhi - DPCC",28.570173,76.933762
10488,12235063,o3,O₃ mass,µg/m³,41.7,2026-05-19T14:15:00+05:30,"Najafgarh, Delhi - DPCC",28.570173,76.933762
10488,12235060,co,CO,ppb,0.38,2026-05-19T14:15:00+05:30,"Najafgarh, Delhi - DPCC",28.570173,76.933762
10488,12235068,temperature,Temperature (C),c,41.4,2026-05-19T14:15:00+05:30,"Najafgarh, Delhi - DPCC",28.570173,76.933762
10488,12235065,pm25,PM2.5,µg/m³,23.0,2026-05-19T14:15:00+05:30,"Najafgarh, Delhi - DPCC",28.570173,76.933762
10488,14340758,nox,NOX,ppb,0.0162,2026-05-19T14:15:00+05:30,"Najafgarh, Delhi - DPCC",28.570173,76.933762
10488,14340759,wind_direction,Wind direction,deg,257.0,2026-05-19T14:15:00+05:30,"Najafgarh, Delhi - DPCC",28.570173,76.933762
10488,14340760,wind_speed,Wind speed,m/s,0.8,2026-05-19T14:15:00+05:30,"Najafgarh, Delhi - DPCC",28.570173,76.933762
10489,35015,so2,SO₂ mass,µg/m³,8.4,2022-10-31T07:15:00+05:30,"ITO, Delhi - CPCB",28.628624,77.24106
10489,34793,pm10,PM10,µg/m³,235.0,2022-10-31T07:15:00+05:30,"ITO, Delhi - CPCB",28.628624,77.24106
10489,34823,co,CO mass,µg/m³,1760.0,2022-10-31T07:15:00+05:30,"ITO, Delhi - CPCB",28.628624,77.24106
10489,34821,no2,NO₂ mass,µg/m³,83.1,2022-10-31T07:15:00+05:30,"ITO, Delhi - CPCB",28.628624,77.24106
10489,35016,pm25,PM2.5,µg/m³,188.0,2022-10-31T07:15:00+05:30,"ITO, Delhi - CPCB",28.628624,77.24106
10489,34816,o3,O₃ mass,µg/m³,15.8,2022-10-31T07:15:00+05:30,"ITO, Delhi - CPCB",28.628624,77.24106
10820,12236232,no,NO,ppb,19.9,2026-05-19T12:45:00+05:30,"Sector 30, Faridabad - HSPCB",28.4417,77.3217
10820,12236231,co,CO,ppb,1.25,2026-05-19T13:45:00+05:30,"Sector 30, Faridabad - HSPCB",28.4417,77.3217
10820,12236237,relativehumidity,RH,%,13.95,2026-05-19T11:45:00+05:30,"Sector 30, Faridabad - HSPCB",28.4417,77.3217
10820,12236239,temperature,Temperature (C),c,25.4,2026-05-19T11:45:00+05:30,"Sector 30, Faridabad - HSPCB",28.4417,77.3217
10820,12236235,pm10,PM10,µg/m³,245.66,2026-05-19T11:45:00+05:30,"Sector 30, Faridabad - HSPCB",28.4417,77.3217
10820,12236238,so2,SO₂,ppb,4.94,2026-05-19T13:30:00+05:30,"Sector 30, Faridabad - HSPCB",28.4417,77.3217
10820,12236234,o3,O₃ mass,µg/m³,9.52,2026-05-19T11:45:00+05:30,"Sector 30, Faridabad - HSPCB",28.4417,77.3217
10820,12236233,no2,NO₂,ppb,29.12,2026-05-19T11:45:00+05:30,"Sector 30, Faridabad - HSPCB",28.4417,77.3217
10820,12236236,pm25,PM2.5,µg/m³,111.37,2026-05-19T13:00:00+05:30,"Sector 30, Faridabad - HSPCB",28.4417,77.3217
10820,14342030,wind_direction,Wind direction,deg,176.4,2026-05-19T11:45:00+05:30,"Sector 30, Faridabad - HSPCB",28.4417,77.3217
10820,14342029,nox,NOX,ppb,0.04451,2026-05-19T13:45:00+05:30,"Sector 30, Faridabad - HSPCB",28.4417,77.3217
10820,14342031,wind_speed,Wind speed,m/s,1.54,2026-05-19T13:45:00+05:30,"Sector 30, Faridabad - HSPCB",28.4417,77.3217
